DEDCFD30C1FA3731001A50A5B5F075BD,43013,11913,3GNET,012942,116.79.222.51,116.79.216.163,2015-08-24 21:20:31.662575,2015-08-24 21:31:53.708887,682,38956,10632,1,10.165.103.139,49331,17.143.160.38,5223,0,,,
DEDCFD30C1FA3731001A50A5B5F075BD,43013,11913,3GNET,012942,116.79.222.51,116.79.216.163,2015-08-24 21:31:54.312700,2015-08-24 21:31:56.216178,1,688,1155,1,10.165.103.139,49365,124.160.175.165,443,200,http://dns.weixin.qq.com/cgi-bin/micromsg-bin/newgetdns?uin=1003046360&clientversion=369165328&scene=0&net=2&md5=12a67ac3286a1c91f963629df13bff8b&devicetype=iPhone+OS7.1&lan=zh_CN&sigver=1,MicroMessenger Client,
DEDCFD30C1FA3731001A50A5B5F075BD,43013,11913,3GNET,012942,116.79.222.51,116.79.216.163,2015-08-24 21:31:56.306406,2015-08-24 21:31:56.682611,0,874,1813,1,10.165.103.139,49367,112.90.74.149,80,200,http://szshort.weixin.qq.com/cgi-bin/micromsg-bin/newsync,MicroMessenger Client,application/octet-stream
131792EE2E91E3FEC907F22C6EFF0665,43011,20952,3gnet,866484,220.206.179.48,116.79.216.163,2015-08-24 21:31:56.954865,2015-08-24 21:31:59.594064,2,180,0,1,10.162.105.9,33964,74.125.204.113,443,0,,,
A9EE9EED715A5E298A2CFC0F489AA8EF,43063,27763,3GNET,862095,220.206.179.50,116.79.216.162,2015-08-24 21:31:57.173932,2015-08-24 21:31:57.303623,0,123,58,1,10.165.97.26,54789,123.125.104.183,4829,0,,,
DEDCFD30C1FA3731001A50A5B5F075BD,43013,11913,3GNET,012942,116.79.222.51,116.79.216.163,2015-08-24 21:31:57.116367,2015-08-24 21:31:57.432444,0,663,461,1,10.165.103.139,49369,112.90.74.149,80,200,http://szextshort.weixin.qq.com/cgi-bin/micromsg-bin/oplog,MicroMessenger Client,application/octet-stream
DEDCFD30C1FA3731001A50A5B5F075BD,43013,11913,3GNET,012942,116.79.222.51,116.79.216.163,2015-08-24 21:31:57.096363,2015-08-24 21:31:57.452463,0,878,1921,1,10.165.103.139,49368,112.90.74.149,80,200,http://szextshort.weixin.qq.com/cgi-bin/micromsg-bin/mmsnssync,MicroMessenger Client,application/octet-stream
185E083FC34A5B1C2D3D13098AD18960,43054,10642,3gnet,869472,220.206.179.18,116.79.216.162,2015-08-24 21:31:59.659950,2015-08-24 21:32:04.002145,4,134,277,1,10.164.220.158,53752,210.21.196.6,53,0,eventlog.beacon.qq.com,,
185E083FC34A5B1C2D3D13098AD18960,43054,10642,3gnet,869472,220.206.179.18,116.79.216.162,2015-08-24 21:31:59.629951,2015-08-24 21:31:59.960827,0,624,384,1,10.164.220.158,51274,180.97.33.39,80,0,,,
DEDCFD30C1FA3731001A50A5B5F075BD,43013,11913,3GNET,012942,116.79.222.51,116.79.216.163,2015-08-24 21:31:59.697320,2015-08-24 21:32:00.052968,0,846,6910,1,10.165.103.139,49370,112.90.74.149,80,200,http://szextshort.weixin.qq.com/cgi-bin/micromsg-bin/mmsnstimeline,MicroMessenger Client,application/octet-stream
185E083FC34A5B1C2D3D13098AD18960,43054,10642,3gnet,869472,220.206.179.18,116.79.216.162,2015-08-24 21:31:59.509919,2015-08-24 21:32:00.259839,0,2490,3704,1,10.164.220.158,51271,180.97.33.38,80,200,http://c.tieba.baidu.com/c/f/post/threadstore,bdtb for iOS 6.8.0,application/x-www-form-urlencoded; charset=utf-8
185E083FC34A5B1C2D3D13098AD18960,43054,10642,3gnet,869472,220.206.179.18,116.79.216.162,2015-08-24 21:31:59.629909,2015-08-24 21:32:00.391982,0,2416,965,1,10.164.220.158,51273,180.97.33.38,80,200,http://c.tieba.baidu.com/c/f/pb/page?cmd=302001,bdtb for iOS 6.8.0,multipart/form-data; boundary=0xKhTmLbOuNdArY-6C3FDD83-9C8C-4874-987B-67614AC9BE55
AA060BBFE42ACC9910EEECBCBA082CE5,43017,11851,3gnet,358767,220.206.179.47,116.79.216.163,2015-08-24 21:32:00.594533,2015-08-24 21:32:00.594533,0,64,0,1,10.162.231.157,49246,17.134.126.213,443,0,,,
AA060BBFE42ACC9910EEECBCBA082CE5,43017,11851,3gnet,358767,220.206.179.47,116.79.216.163,2015-08-24 21:32:00.634822,2015-08-24 21:32:00.634822,0,64,0,1,10.162.231.157,49247,17.134.126.211,443,0,,,
185E083FC34A5B1C2D3D13098AD18960,43054,10642,3gnet,869472,220.206.179.18,116.79.216.162,2015-08-24 21:31:36.675593,2015-08-24 21:32:00.639173,23,2471,6740,1,10.164.220.158,62254,112.90.1.48,80,200,http://tb.himg.baidu.com/sys/portrait/item/cdefc3b7d2bbb6e4b6f9843e,Mozilla/5.0 (iPhone; CPU iPhone OS 8_4 like Mac OS X) AppleWebKit/600.1.4 (KHTML, like Gecko) Mobile/12H143 baiduboxapp/0_0.1.7.6_enohpi_6311_046/4.8_2C2%255enohPi/1099a/9DDDE63A51459380E38DF4FF05045625D8476E3D6OGJFDKJDFI/1,image/jpeg
9E6CC8ECF49DB1A5305E682E7F0F34BF,43061,10531,3gnet.mnc001.mcc460.gprs,359254,116.79.222.49,116.79.216.162,2015-08-24 21:32:00.742830,2015-08-24 21:32:00.745037,0,70,283,1,10.165.27.37,63423,210.21.196.6,53,0,3-courier.push.apple.com,,
9E6CC8ECF49DB1A5305E682E7F0F34BF,43061,10531,3gnet.mnc001.mcc460.gprs,359254,116.79.222.49,116.79.216.162,2015-08-24 21:32:00.822980,2015-08-24 21:32:03.853308,3,256,0,1,10.165.27.37,60599,17.172.232.116,5223,0,,,
AA060BBFE42ACC9910EEECBCBA082CE5,43017,11851,3gnet,358767,220.206.179.47,116.79.216.163,2015-08-24 21:32:00.317116,2015-08-24 21:32:00.934462,0,520,260,1,10.162.231.157,49237,123.125.105.231,80,0,,,
AA060BBFE42ACC9910EEECBCBA082CE5,43017,11851,3gnet,358767,220.206.179.47,116.79.216.163,2015-08-24 21:32:00.434458,2015-08-24 21:32:00.974484,0,312,156,1,10.162.231.157,49243,123.125.105.231,80,0,,,
AA060BBFE42ACC9910EEECBCBA082CE5,43017,11851,3gnet,358767,220.206.179.47,116.79.216.163,2015-08-24 21:32:00.474495,2015-08-24 21:32:01.174593,0,208,104,1,10.162.231.157,49244,17.134.62.236,443,0,,,
AA060BBFE42ACC9910EEECBCBA082CE5,43017,11851,3gnet,358767,220.206.179.47,116.79.216.163,2015-08-24 21:32:00.574456,2015-08-24 21:32:01.194471,0,104,52,1,10.162.231.157,49245,17.134.127.250,443,0,,,
AA060BBFE42ACC9910EEECBCBA082CE5,43017,11851,3gnet,358767,220.206.179.47,116.79.216.163,2015-08-24 21:32:00.414495,2015-08-24 21:32:01.214459,0,312,156,1,10.162.231.157,49242,17.134.62.217,443,0,,,
AA060BBFE42ACC9910EEECBCBA082CE5,43017,11851,3gnet,358767,220.206.179.47,116.79.216.163,2015-08-24 21:32:00.394423,2015-08-24 21:32:01.214460,0,472,487,1,10.162.231.157,49240,202.108.7.133,80,0,,,
AA060BBFE42ACC9910EEECBCBA082CE5,43017,11851,3gnet,358767,220.206.179.47,116.79.216.163,2015-08-24 21:31:55.449314,2015-08-24 21:32:01.234517,5,904,851,1,10.162.231.157,49236,123.125.105.246,80,0,,,
AA060BBFE42ACC9910EEECBCBA082CE5,43017,11851,3gnet,358767,220.206.179.47,116.79.216.163,2015-08-24 21:32:00.374465,2015-08-24 21:32:01.254511,0,416,208,1,10.162.231.157,49239,17.134.127.249,443,0,,,
AA060BBFE42ACC9910EEECBCBA082CE5,43017,11851,3gnet,358767,220.206.179.47,116.79.216.163,2015-08-24 21:31:55.149342,2015-08-24 21:32:01.330623,6,1370,2300,1,10.162.231.157,49235,202.108.7.133,80,0,http://api.weibo.cn/2/users/show?from=1054093010&c=iphone&lang=zh_CN&ua=iPhone6,2__weibo__5.4.0__iphone__os8.4.1&v_p=22&skin=default&i=549d29a&wm=3333_2001&v_f=1&sflag=1&b=1&sourcetype=&has_extend=1&has_profile=1&uid=1874331953&s=8a017adf&gsid=_2A2543ZNtDeTxGedG7FYS8y_Fzj-IHXVZyqGlrDV6PUJbrdANLWzwkWoXfr2Iq-bWYt7cJyvIUp75v1UtCA..,Weibo/4916 (iPhone; iOS 8.4.1; Scale/2.00),
131792EE2E91E3FEC907F22C6EFF0665,43011,20952,3gnet,866484,220.206.179.48,116.79.216.163,2015-08-24 21:32:01.330430,2015-08-24 21:32:16.358934,15,300,0,1,10.162.105.9,51480,74.125.204.113,443,0,,,
AA060BBFE42ACC9910EEECBCBA082CE5,43017,11851,3gnet,358767,220.206.179.47,116.79.216.163,2015-08-24 21:32:00.394446,2015-08-24 21:32:01.348606,0,955,1086,1,10.162.231.157,49241,123.125.105.246,80,200,http://api.weibo.cn/2/remind/unread_count?from=1054093010&c=iphone&lang=zh_CN&ua=iPhone6,2__weibo__5.4.0__iphone__os8.4.1&v_p=22&skin=default&i=549d29a&wm=3333_2001&v_f=1&sflag=1&b=1&with_page_group=1&with_settings=1&s=8a017adf&gsid=_2A2543ZNtDeTxGedG7FYS8y_Fzj-IHXVZyqGlrDV6PUJbrdANLWzwkWoXfr2Iq-bWYt7cJyvIUp75v1UtCA..,Weibo/4916 (iPhone; iOS 8.4.1; Scale/2.00),application/json;charset=UTF-8
131792EE2E91E3FEC907F22C6EFF0665,43011,20952,3gnet,866484,220.206.179.48,116.79.216.163,2015-08-24 21:32:01.621472,2015-08-24 21:32:04.624075,3,180,0,1,10.162.105.9,39147,74.125.204.102,443,0,,,
9E6CC8ECF49DB1A5305E682E7F0F34BF,43061,10531,3gnet.mnc001.mcc460.gprs,359254,116.79.222.49,116.79.216.162,2015-08-24 21:32:01.902885,2015-08-24 21:32:03.853337,1,192,0,1,10.165.27.37,60600,17.172.238.30,5223,0,,,
AA060BBFE42ACC9910EEECBCBA082CE5,43017,11851,3gnet,358767,220.206.179.47,116.79.216.163,2015-08-24 21:32:00.334476,2015-08-24 21:32:03.614539,3,1457,5084,1,10.162.231.157,49238,17.134.62.234,443,0,,,
185E083FC34A5B1C2D3D13098AD18960,43054,10642,3gnet,869472,220.206.179.18,116.79.216.162,2015-08-24 21:31:59.559647,2015-08-24 21:32:03.789684,4,808,448,1,10.164.220.158,51272,180.97.33.39,80,0,,,
9E6CC8ECF49DB1A5305E682E7F0F34BF,43061,10531,3gnet.mnc001.mcc460.gprs,359254,116.79.222.49,116.79.216.162,2015-08-24 21:32:03.863117,2015-08-24 21:32:04.393122,0,104,60,1,10.165.27.37,60602,17.172.232.144,5223,0,,,
131792EE2E91E3FEC907F22C6EFF0665,43011,20952,3gnet,866484,220.206.179.48,116.79.216.163,2015-08-24 21:32:04.971049,2015-08-24 21:32:20.000485,15,300,0,1,10.162.105.9,52818,74.125.204.102,443,0,,,
BF92C32AD3FE60B24A33CF0512744BD3,43011,10053,3gnet,356976,220.206.129.103,116.79.216.162,2015-08-24 21:32:05.204489,2015-08-24 21:32:21.700519,16,806,1052,1,10.161.41.36,56096,17.110.229.15,5223,0,,,
6770D95A30C89906C3F75D5FFB96F198,43025,11042,3gnet,351984,220.206.179.49,116.79.216.164,2015-08-24 21:32:05.876865,2015-08-24 21:32:05.876865,0,211,0,1,10.165.194.38,61777,17.110.224.200,5223,0,,,
131792EE2E91E3FEC907F22C6EFF0665,43011,20952,3gnet,866484,220.206.179.48,116.79.216.163,2015-08-24 21:32:05.911071,2015-08-24 21:32:05.911071,0,60,0,1,10.162.105.9,34803,74.125.204.138,443,0,,,
185E083FC34A5B1C2D3D13098AD18960,43054,10642,3gnet,869472,220.206.179.18,116.79.216.162,2015-08-24 21:31:33.813551,2015-08-24 21:32:05.939994,32,835,466,1,10.164.220.158,51263,140.207.127.78,80,0,915381486,,
131792EE2E91E3FEC907F22C6EFF0665,43011,20952,3gnet,866484,220.206.179.48,116.79.216.163,2015-08-24 21:32:06.139038,2015-08-24 21:32:06.139038,0,60,0,1,10.162.105.9,46523,74.125.204.102,443,0,,,
131792EE2E91E3FEC907F22C6EFF0665,43011,20952,3gnet,866484,220.206.179.48,116.79.216.163,2015-08-24 21:32:06.380213,2015-08-24 21:32:06.380213,0,60,0,1,10.162.105.9,43598,74.125.204.101,443,0,,,
131792EE2E91E3FEC907F22C6EFF0665,43011,20952,3gnet,866484,220.206.179.48,116.79.216.163,2015-08-24 21:32:06.649792,2015-08-24 21:32:09.657830,3,180,0,1,10.162.105.9,36404,74.125.204.101,443,0,,,
131792EE2E91E3FEC907F22C6EFF0665,43011,20952,3gnet,866484,220.206.179.48,116.79.216.163,2015-08-24 21:32:06.744152,2015-08-24 21:32:06.744152,0,60,0,1,10.162.105.9,55772,74.125.130.95,443,0,,,
AA060BBFE42ACC9910EEECBCBA082CE5,43017,11851,3gnet,358767,220.206.179.47,116.79.216.163,2015-08-24 21:32:07.094623,2015-08-24 21:32:26.432444,0,239,909,1,10.162.231.157,51541,210.21.196.6,53,0,u1.sinaimg.cn,,
AA060BBFE42ACC9910EEECBCBA082CE5,43017,11851,3gnet,358767,220.206.179.47,116.79.216.163,2015-08-24 21:32:03.194538,2015-08-24 21:32:07.822603,4,2735,10790,1,10.162.231.157,49248,17.134.62.234,443,0,,,
AA060BBFE42ACC9910EEECBCBA082CE5,43017,11851,3gnet,358767,220.206.179.47,116.79.216.163,2015-08-24 21:32:07.194692,2015-08-24 21:32:09.354658,2,986,4451,1,10.162.231.157,49250,163.177.171.149,80,200,http://u1.sinaimg.cn/upload/2014/11/04/common_icon_membership_level1_default.png,Weibo/4916 CFNetwork/711.5.6 Darwin/14.0.0,image/png
AA060BBFE42ACC9910EEECBCBA082CE5,43017,11851,3gnet,358767,220.206.179.47,116.79.216.163,2015-08-24 21:32:07.094619,2015-08-24 21:32:09.354633,2,890,4337,1,10.162.231.157,49249,163.177.171.149,80,200,http://ww3.sinaimg.cn/or180/62f2ccbcjw1eu13ya4z85j20hs0a074k.jpg,Weibo/4916 CFNetwork/711.5.6 Darwin/14.0.0,image/webp
9E6CC8ECF49DB1A5305E682E7F0F34BF,43061,10531,3gnet.mnc001.mcc460.gprs,359254,116.79.222.49,116.79.216.162,2015-08-24 21:32:09.821579,2015-08-24 21:32:09.933320,0,80,141,1,10.165.27.37,60582,17.110.230.20,5223,0,,,
131792EE2E91E3FEC907F22C6EFF0665,43011,20952,3gnet,866484,220.206.179.48,116.79.216.163,2015-08-24 21:32:11.679295,2015-08-24 21:32:14.677991,2,180,0,1,10.162.105.9,50455,74.125.204.138,443,0,,,
185E083FC34A5B1C2D3D13098AD18960,43054,10642,3gnet,869472,220.206.179.18,116.79.216.162,2015-08-24 21:31:39.261562,2015-08-24 21:32:13.570266,34,384,64,1,10.164.220.158,51270,180.97.33.39,80,0,,,
7BBA099CF6A92F479CF51E4FEB31990F,3189,24191,3gnet,359441,116.79.221.8,116.79.216.163,2015-08-24 21:32:14.024612,2015-08-24 21:32:17.074855,3,222,539,2,10.161.80.179,35463,123.103.93.99,80,0,,,
131792EE2E91E3FEC907F22C6EFF0665,43011,20952,3gnet,866484,220.206.179.48,116.79.216.163,2015-08-24 21:32:14.120281,2015-08-24 21:32:29.134908,15,300,0,1,10.162.105.9,38283,74.125.204.102,443,0,,,
DEDCFD30C1FA3731001A50A5B5F075BD,43013,11913,3GNET,012942,116.79.222.51,116.79.216.163,2015-08-24 21:32:13.767047,2015-08-24 21:32:14.417943,0,104,295,1,10.165.103.139,49331,17.143.160.38,5223,0,,,
DEDCFD30C1FA3731001A50A5B5F075BD,43013,11913,3GNET,012942,116.79.222.51,116.79.216.163,2015-08-24 21:32:14.457921,2015-08-24 21:32:14.460395,0,71,285,1,10.165.103.139,61415,210.21.196.6,53,0,46-courier.push.apple.com,,
131792EE2E91E3FEC907F22C6EFF0665,43011,20952,3gnet,866484,220.206.179.48,116.79.216.163,2015-08-24 21:32:16.716015,2015-08-24 21:32:19.712489,2,180,0,1,10.162.105.9,35798,74.125.204.139,443,0,,,
7BBA099CF6A92F479CF51E4FEB31990F,3189,24191,3gnet,359441,116.79.221.8,116.79.216.163,2015-08-24 21:32:18.477344,2015-08-24 21:32:18.477344,0,40,0,2,10.161.80.179,53927,111.202.29.93,80,0,,,
131792EE2E91E3FEC907F22C6EFF0665,43011,20952,3gnet,866484,220.206.179.48,116.79.216.163,2015-08-24 21:32:21.740583,2015-08-24 21:32:24.739113,2,180,0,1,10.162.105.9,36170,74.125.204.100,443,0,,,
ECC13693EC387B660BBC647D23F5F3C2,43025,21383,3gnet,013433,116.79.221.19,116.79.216.164,2015-08-24 21:32:22.739105,2015-08-24 21:32:22.889072,0,702,187,1,10.162.197.108,49245,125.39.247.224,80,0,,,
ECC13693EC387B660BBC647D23F5F3C2,43025,21383,3gnet,013433,116.79.221.19,116.79.216.164,2015-08-24 21:32:22.747146,2015-08-24 21:32:23.285110,0,226,126,1,10.162.197.108,49193,17.110.227.99,5223,0,,,
ECC13693EC387B660BBC647D23F5F3C2,43025,21383,3gnet,013433,116.79.221.19,116.79.216.164,2015-08-24 21:32:22.757124,2015-08-24 21:32:23.285112,0,226,126,1,10.162.197.108,49190,17.172.239.116,5223,0,,,
ECC13693EC387B660BBC647D23F5F3C2,43025,21383,3gnet,013433,116.79.221.19,116.79.216.164,2015-08-24 21:32:23.633108,2015-08-24 21:32:23.636248,0,137,314,1,10.162.197.108,52972,210.21.196.6,53,0,www.isg-apple.com.akadns.net,,
BF92C32AD3FE60B24A33CF0512744BD3,43011,10053,3gnet,356976,220.206.129.103,116.79.216.162,2015-08-24 21:32:25.207351,2015-08-24 21:32:38.435226,13,586,540,1,10.161.41.36,56096,17.110.229.15,5223,0,,,
AA060BBFE42ACC9910EEECBCBA082CE5,43017,11851,3gnet,358767,220.206.179.47,116.79.216.163,2015-08-24 21:32:25.673275,2015-08-24 21:32:25.811648,0,168,52,1,10.162.231.157,49260,123.125.105.231,80,0,,,
AA060BBFE42ACC9910EEECBCBA082CE5,43017,11851,3gnet,358767,220.206.179.47,116.79.216.163,2015-08-24 21:32:25.673251,2015-08-24 21:32:25.959856,0,328,371,1,10.162.231.157,49252,202.108.7.133,80,0,,,
AA060BBFE42ACC9910EEECBCBA082CE5,43017,11851,3gnet,358767,220.206.179.47,116.79.216.163,2015-08-24 21:32:25.673250,2015-08-24 21:32:25.959856,0,328,371,1,10.162.231.157,49251,202.108.7.133,80,0,,,
AA060BBFE42ACC9910EEECBCBA082CE5,43017,11851,3gnet,358767,220.206.179.47,116.79.216.163,2015-08-24 21:32:25.673201,2015-08-24 21:32:25.969825,0,392,383,1,10.162.231.157,49254,202.108.7.133,80,0,,,
AA060BBFE42ACC9910EEECBCBA082CE5,43017,11851,3gnet,358767,220.206.179.47,116.79.216.163,2015-08-24 21:32:25.673273,2015-08-24 21:32:26.009944,0,328,383,1,10.162.231.157,49259,123.125.105.231,80,0,,,
AA060BBFE42ACC9910EEECBCBA082CE5,43017,11851,3gnet,358767,220.206.179.47,116.79.216.163,2015-08-24 21:32:25.673272,2015-08-24 21:32:26.019727,0,328,383,1,10.162.231.157,49258,123.125.105.231,80,0,,,
AA060BBFE42ACC9910EEECBCBA082CE5,43017,11851,3gnet,358767,220.206.179.47,116.79.216.163,2015-08-24 21:32:25.673200,2015-08-24 21:32:26.116315,0,1030,633,1,10.162.231.157,49253,123.125.29.246,80,200,http://wbapp.mobile.sina.cn/interface/f/ttt/v3/wbcontentad.php?from=1054093010&c=iphone&lang=zh_CN&ua=iPhone6,2__weibo__5.4.0__iphone__os8.4.1&v_p=22&skin=default&i=549d29a&wm=3333_2001&v_f=1&sflag=1&b=1&category=content&uid=1874331953&posid=pos4fcf18d171f3f&mid=3864144283476892&platform=iphone&ginfo=180150000.180150000_180150000.180150000&udid=8f6b8ad44aaf93adda1c48d57381880f89fa848e&wifi=0,Weibo/4916 (iPhone; iOS 8.4.1; Scale/2.00),application/xml; charset=utf-8
AA060BBFE42ACC9910EEECBCBA082CE5,43017,11851,3gnet,358767,220.206.179.47,116.79.216.163,2015-08-24 21:32:25.673221,2015-08-24 21:32:26.124141,0,1074,3049,1,10.162.231.157,49255,123.125.105.246,80,0,http://api.weibo.cn/2/statuses/show?gsid=_2A2543ZNtDeTxGedG7FYS8y_Fzj-IHXVZyqGlrDV6PUJbrdANLWzwkWoXfr2Iq-bWYt7cJyvIUp75v1UtCA..&wm=3333_2001&i=549d29a&b=1&from=1054093010&c=iphone&v_p=22&skin=default&v_f=1&s=8a017adf&lang=zh_CN&ua=iPhone6,2__weibo__5.4.0__iphone__os8.4.1&sflag=1&uicode=10000002&featurecode=10000001&id=3864144283476892&mid=3879477027285247&_status_id=3864144283476892&luicode=10000001&rid=8_0_1_2598641787626230680&has_member=1&fromlog=100011874331953&lfid=100011874331953,Weibo/4916 (iPhone; iOS 8.4.1; Scale/2.00),
AA060BBFE42ACC9910EEECBCBA082CE5,43017,11851,3gnet,358767,220.206.179.47,116.79.216.163,2015-08-24 21:32:25.673222,2015-08-24 21:32:26.354261,0,1560,13015,1,10.162.231.157,49256,123.125.105.246,80,200,http://api.weibo.cn/2/statuses/repost_timeline?gsid=_2A2543ZNtDeTxGedG7FYS8y_Fzj-IHXVZyqGlrDV6PUJbrdANLWzwkWoXfr2Iq-bWYt7cJyvIUp75v1UtCA..&wm=3333_2001&i=549d29a&b=1&from=1054093010&c=iphone&v_p=22&skin=default&v_f=1&s=8a017adf&lang=zh_CN&ua=iPhone6,2__weibo__5.4.0__iphone__os8.4.1&sflag=1&id=3864144283476892&mid=3879477027285247&pagesize=20&_status_id=3864144283476892&luicode=10000001&featurecode=10000001&uicode=10000002&rid=8_0_1_2598641787626230680&fromlog=100011874331953&has_member=1&page=1&lfid=100011874331953,Weibo/4916 (iPhone; iOS 8.4.1; Scale/2.00),application/json;charset=UTF-8
AA060BBFE42ACC9910EEECBCBA082CE5,43017,11851,3gnet,358767,220.206.179.47,116.79.216.163,2015-08-24 21:32:25.673223,2015-08-24 21:32:26.384271,0,1286,10053,1,10.162.231.157,49257,123.125.105.246,80,200,http://api.weibo.cn/2/comments/show?gsid=_2A2543ZNtDeTxGedG7FYS8y_Fzj-IHXVZyqGlrDV6PUJbrdANLWzwkWoXfr2Iq-bWYt7cJyvIUp75v1UtCA..&wm=3333_2001&i=549d29a&b=1&from=1054093010&c=iphone&v_p=22&skin=default&v_f=1&s=8a017adf&lang=zh_CN&ua=iPhone6,2__weibo__5.4.0__iphone__os8.4.1&sflag=1&id=3864144283476892&mid=3879477027285247&trim_level=1&_status_id=3864144283476892&count=20&luicode=10000001&featurecode=10000001&uicode=10000002&rid=8_0_1_2598641787626230680&fromlog=100011874331953&page=1&lfid=100011874331953,Weibo/4916 (iPhone; iOS 8.4.1; Scale/2.00),application/json;charset=UTF-8
6770D95A30C89906C3F75D5FFB96F198,43025,11042,3gnet,351984,220.206.179.49,116.79.216.164,2015-08-24 21:32:26.568020,2015-08-24 21:32:31.106656,2,631,1294,1,10.165.194.38,52570,210.21.196.6,53,0,avnetexpress.avnet.com,,
AA060BBFE42ACC9910EEECBCBA082CE5,43017,11851,3gnet,358767,220.206.179.47,116.79.216.163,2015-08-24 21:32:26.109606,2015-08-24 21:32:26.796195,0,919,1279,1,10.162.231.157,49261,202.108.7.133,80,200,http://api.weibo.cn/2/statuses/extend?gsid=_2A2543ZNtDeTxGedG7FYS8y_Fzj-IHXVZyqGlrDV6PUJbrdANLWzwkWoXfr2Iq-bWYt7cJyvIUp75v1UtCA..&wm=3333_2001&i=549d29a&b=1&from=1054093010&c=iphone&v_p=22&skin=default&v_f=1&s=8a017adf&lang=zh_CN&ua=iPhone6,2__weibo__5.4.0__iphone__os8.4.1&sflag=1&uicode=10000002&featurecode=10000001&id=3864144283476892&mid=3879477027285247&_status_id=3864144283476892&luicode=10000001&is_recom=-1&rid=8_0_1_2598641787626230680&fromlog=100011874331953&lfid=100011874331953,Weibo/4916 (iPhone; iOS 8.4.1; Scale/2.00),application/json;charset=UTF-8
131792EE2E91E3FEC907F22C6EFF0665,43011,20952,3gnet,866484,220.206.179.48,116.79.216.163,2015-08-24 21:32:26.857231,2015-08-24 21:32:29.863824,3,180,0,1,10.162.105.9,58359,74.125.204.113,443,0,,,
6770D95A30C89906C3F75D5FFB96F198,43025,11042,3gnet,351984,220.206.179.49,116.79.216.164,2015-08-24 21:32:25.419462,2015-08-24 21:32:27.023256,1,1244,572,1,10.165.194.38,35618,50.112.99.77,80,0,http://analytics.supplyframe.com/trackingservlet/track/?r=gPVv3S5fz9WS0muSSENj7o9UO4c_x3HQ7JVNtvxj93Ah_1XC27Akmp_0MG3FWcMN8Li-szvyfn2RBgASK6wDr2zpxDQsH5Io4GGCKetR5wlun6XagyjQlXryZeGAmYtqLRVsBGAsCAUFWLK3pKP5s3DT-K4r3UhMxuvkcOgjP1J3_BHEIQPY1LXJhTpXulnQWcwjC__caKXaEbY64ggyYBlWFr-khGKM-o8nLaONpzQaxNP2z2WsnKasmsDU6jdN7nwtcOTUf0UBtE4JQMY7HWk_tiI4i8QKd2VOorIN5GmbW0bBNgMKYQzR0LNMO7V1dw_UVY1klGeCuw8HMjqqLftE_H3S_GuRJqbrJCYAiUWoeo_0_5qBfMnzC1nAjeP0hz5kEgF13nqJfcUpKb7W6lM9Jxtdy_C5k8dCZTqlqzc_D_6Cc4XkSSqmXrYdTDIa3dEtvMf2AbA2LsLREd6ahGMPFf2eDsu1dUORSEzZosCLY3l4taTl-1-QLok_SyOT,Mozilla/5.0 (Windows NT 6.3; WOW64) AppleWebKit/537.36 (KHTML, like Gecko) Maxthon/4.4.6.2000 Chrome/30.0.1599.101 Safari/537.36,
AA060BBFE42ACC9910EEECBCBA082CE5,43017,11851,3gnet,358767,220.206.179.47,116.79.216.163,2015-08-24 21:32:26.509885,2015-08-24 21:32:28.049859,1,914,3309,1,10.162.231.157,49263,163.177.171.149,80,200,http://tp4.sinaimg.cn/1937229335/50/5733995666/1,Weibo/4916 CFNetwork/711.5.6 Darwin/14.0.0,image/jpeg
AA060BBFE42ACC9910EEECBCBA082CE5,43017,11851,3gnet,358767,220.206.179.47,116.79.216.163,2015-08-24 21:32:26.499919,2015-08-24 21:32:28.060071,1,1003,4100,1,10.162.231.157,49262,163.177.171.149,80,200,http://tp1.sinaimg.cn/2521026624/50/40021502537/1,Weibo/4916 CFNetwork/711.5.6 Darwin/14.0.0,image/jpeg
AA060BBFE42ACC9910EEECBCBA082CE5,43017,11851,3gnet,358767,220.206.179.47,116.79.216.163,2015-08-24 21:32:26.509889,2015-08-24 21:32:28.069918,1,714,2642,1,10.162.231.157,49264,163.177.171.149,80,200,http://tp2.sinaimg.cn/1731397341/50/5732595042/1,Weibo/4916 CFNetwork/711.5.6 Darwin/14.0.0,image/jpeg
AA060BBFE42ACC9910EEECBCBA082CE5,43017,11851,3gnet,358767,220.206.179.47,116.79.216.163,2015-08-24 21:32:26.869866,2015-08-24 21:32:29.140037,2,1556,11937,1,10.162.231.157,49265,163.177.171.149,80,200,http://ww4.sinaimg.cn/bmiddle/a5f6c66cjw1ev6lez8ufpj2028028jra.jpg,Weibo/4916 CFNetwork/711.5.6 Darwin/14.0.0,image/jpeg
131792EE2E91E3FEC907F22C6EFF0665,43011,20952,3gnet,866484,220.206.179.48,116.79.216.163,2015-08-24 20:38:32.344786,2015-08-24 20:38:47.389379,15,300,0,1,10.162.105.9,43131,74.125.23.113,443,0,,,
185E083FC34A5B1C2D3D13098AD18960,43054,10642,3gnet,869472,220.206.179.18,116.79.216.162,2015-08-24 20:38:31.388633,2015-08-24 20:38:54.388360,1,5561,32308,1,10.164.220.158,61948,180.97.33.38,80,200,http://c.tieba.baidu.com/c/f/pb/page,Mozilla/5.0 (iPhone; CPU iPhone OS 8_4 like Mac OS X) AppleWebKit/600.1.4 (KHTML, like Gecko) Mobile/12H143,application/x-www-form-urlencoded; charset=utf-8
131792EE2E91E3FEC907F22C6EFF0665,43011,20952,3gnet,866484,220.206.179.48,116.79.216.163,2015-08-24 20:38:32.463860,2015-08-24 20:38:47.512053,15,300,0,1,10.162.105.9,45745,74.125.23.100,443,0,,,
131792EE2E91E3FEC907F22C6EFF0665,43011,20952,3gnet,866484,220.206.179.48,116.79.216.163,2015-08-24 20:38:32.504903,2015-08-24 20:38:47.550217,15,300,0,1,10.162.105.9,36096,74.125.23.100,443,0,,,
4C475616E5D03C8BF8E4CEC3976FEECB,43041,49341,3gnet,356958,116.79.222.17,116.79.216.164,2015-08-24 20:38:32.800281,2015-08-24 20:38:32.800281,0,126,0,1,10.164.53.49,62860,17.110.245.10,993,0,,,
131792EE2E91E3FEC907F22C6EFF0665,43011,20952,3gnet,866484,220.206.179.48,116.79.216.163,2015-08-24 20:38:34.333936,2015-08-24 20:38:49.376083,15,300,0,1,10.162.105.9,44070,74.125.204.101,443,0,,,
131792EE2E91E3FEC907F22C6EFF0665,43011,20952,3gnet,866484,220.206.179.48,116.79.216.163,2015-08-24 20:38:34.531712,2015-08-24 20:38:49.566427,15,300,0,1,10.162.105.9,52507,74.125.204.113,443,0,,,
4C475616E5D03C8BF8E4CEC3976FEECB,43041,49341,3gnet,356958,116.79.222.17,116.79.216.164,2015-08-24 20:38:36.388296,2015-08-24 20:38:36.390059,0,62,218,1,10.164.53.49,57619,210.21.196.6,53,0,gs-loc.apple.com,,
7BBA099CF6A92F479CF51E4FEB31990F,3189,24191,3gnet,359441,116.79.221.8,116.79.216.163,2015-08-24 20:38:36.600411,2015-08-24 20:38:36.919923,0,123,110,2,10.161.80.179,38807,123.126.42.41,4839,0,,,
131792EE2E91E3FEC907F22C6EFF0665,43011,20952,3gnet,866484,220.206.179.48,116.79.216.163,2015-08-24 20:38:37.386056,2015-08-24 20:38:52.018587,14,300,0,1,10.162.105.9,42260,74.125.68.95,443,0,,,
131792EE2E91E3FEC907F22C6EFF0665,43011,20952,3gnet,866484,220.206.179.48,116.79.216.163,2015-08-24 20:38:38.242052,2015-08-24 20:38:38.242052,0,60,0,1,10.162.105.9,51391,74.125.23.101,443,0,,,
4C475616E5D03C8BF8E4CEC3976FEECB,43041,49341,3gnet,356958,116.79.222.17,116.79.216.164,2015-08-24 20:38:36.653976,2015-08-24 20:38:38.724611,2,1641,4876,1,10.164.53.49,63226,17.134.62.234,443,0,,,
6570EC4EEB74AEE40BA7305DC5A5B401,43020,46821,3gnet,867747,116.79.221.16,116.79.216.162,2015-08-24 20:38:39.206216,2015-08-24 20:38:41.073942,1,40,807,1,10.162.119.239,33581,220.249.243.116,443,0,,,
F2FA4F1FDC51B85C22A34B8A4FCFAA03,43013,13661,3gnet,013187,116.79.222.15,116.79.216.162,2015-08-24 20:38:40.515168,2015-08-24 20:38:41.836676,1,278,230,1,10.161.1.66,51538,17.110.227.74,5223,0,,,
4C475616E5D03C8BF8E4CEC3976FEECB,43041,49341,3gnet,356958,116.79.222.17,116.79.216.164,2015-08-24 20:38:38.454049,2015-08-24 20:38:42.102009,3,2415,5177,1,10.164.53.49,63227,17.134.62.217,443,0,,,
4C475616E5D03C8BF8E4CEC3976FEECB,43041,49341,3gnet,356958,116.79.222.17,116.79.216.164,2015-08-24 20:38:43.414669,2015-08-24 20:38:44.423510,1,128,0,1,10.164.53.49,63228,17.134.126.211,443,0,,,
6570EC4EEB74AEE40BA7305DC5A5B401,43020,46821,3gnet,867747,116.79.221.16,116.79.216.162,2015-08-24 20:38:15.570119,2015-08-24 20:38:43.421545,27,1736,3288,1,10.162.119.239,50290,112.90.83.104,8080,0,,,
1F56750BE611BAE2706315B95D8724E0,43027,11822,3gnet.mnc001.mcc460.gprs,352036,116.79.222.16,116.79.216.162,2015-08-24 20:33:49.774852,2015-08-24 20:34:03.951516,14,3665,3297,1,10.164.153.88,55131,17.172.232.101,5223,0,,,
BAF022E516B1E4AE4EA405A80C43BC2C,43027,21403,3GNET,354429,220.206.129.101,116.79.216.163,2015-08-24 20:37:17.518880,2015-08-24 20:38:45.643511,88,1792,0,1,10.163.252.240,49619,17.143.162.228,5223,0,,,
BAF022E516B1E4AE4EA405A80C43BC2C,43027,21403,3GNET,354429,220.206.129.101,116.79.216.163,2015-08-24 20:38:47.234512,2015-08-24 20:38:47.234512,0,174,0,1,10.163.252.240,49568,17.172.239.68,5223,0,,,
4C475616E5D03C8BF8E4CEC3976FEECB,43041,49341,3gnet,356958,116.79.222.17,116.79.216.164,2015-08-24 20:38:44.444457,2015-08-24 20:38:47.425077,2,1764,4841,1,10.164.53.49,63229,17.134.127.249,443,0,,,
A9EE9EED715A5E298A2CFC0F489AA8EF,43063,27763,3GNET,862095,220.206.179.50,116.79.216.162,2015-08-24 20:38:48.335253,2015-08-24 20:38:48.335253,0,89,0,1,10.165.97.26,37964,116.204.9.171,443,0,,,
A9EE9EED715A5E298A2CFC0F489AA8EF,43063,27763,3GNET,862095,220.206.179.50,116.79.216.162,2015-08-24 20:38:48.496993,2015-08-24 20:38:48.841643,0,131,79,1,10.165.97.26,49948,118.144.67.126,4392,0,,,
4C475616E5D03C8BF8E4CEC3976FEECB,43041,49341,3gnet,356958,116.79.222.17,116.79.216.164,2015-08-24 20:38:47.123719,2015-08-24 20:38:48.610421,1,2192,5177,1,10.164.53.49,63230,17.134.62.236,443,0,,,
131792EE2E91E3FEC907F22C6EFF0665,43011,20952,3gnet,866484,220.206.179.48,116.79.216.163,2015-08-24 20:38:49.737370,2015-08-24 20:38:49.740187,0,73,146,1,10.162.105.9,27015,210.21.196.6,53,0,googleads.g.doubleclick.net,,
4C475616E5D03C8BF8E4CEC3976FEECB,43041,49341,3gnet,356958,116.79.222.17,116.79.216.164,2015-08-24 20:38:52.004565,2015-08-24 20:38:52.004565,0,126,0,1,10.164.53.49,62865,17.110.245.10,993,0,,,
185E083FC34A5B1C2D3D13098AD18960,43054,10642,3gnet,869472,220.206.179.18,116.79.216.162,2015-08-24 20:38:53.090714,2015-08-24 20:38:53.238295,0,104,64,1,10.164.220.158,61950,180.97.33.39,80,0,,,
C0EDDE312BF54F1CDBA0B59B20366B98,43055,23791,3GNET,866184,220.206.179.17,116.79.216.163,2015-08-24 20:38:53.064202,2015-08-24 20:38:53.272317,0,349,565,1,10.164.164.129,56894,58.251.139.140,80,302,http://down.qq.com/iedsafe/Client/android/2008/config2.xml,,
C0EDDE312BF54F1CDBA0B59B20366B98,43055,23791,3GNET,866184,220.206.179.17,116.79.216.163,2015-08-24 20:38:53.274249,2015-08-24 20:38:53.743803,0,499,839,1,10.164.164.129,37608,163.177.113.13,80,200,http://dlied1.qq.com/iedsafe/Client/android/2008/config2.xml?mkey=55db36ae4e324785&f=8d5d&p=.xml,,application/xml
C0EDDE312BF54F1CDBA0B59B20366B98,43055,23791,3GNET,866184,220.206.179.17,116.79.216.163,2015-08-24 20:38:53.504227,2015-08-24 20:38:53.831750,0,349,565,1,10.164.164.129,56897,58.251.139.140,80,302,http://down.qq.com/iedsafe/Client/android/2008/config3.xml,,
C0EDDE312BF54F1CDBA0B59B20366B98,43055,23791,3GNET,866184,220.206.179.17,116.79.216.163,2015-08-24 20:38:53.827671,2015-08-24 20:38:54.077692,0,447,493,1,10.164.164.129,37610,163.177.113.13,80,404,http://dlied1.qq.com/iedsafe/Client/android/2008/config3.xml?mkey=55db36a94e324785&f=8f5d&p=.xml,,text/html
185E083FC34A5B1C2D3D13098AD18960,43054,10642,3gnet,869472,220.206.179.18,116.79.216.162,2015-08-24 20:38:54.587858,2015-08-24 20:38:54.587858,0,48,0,1,10.164.220.158,50704,180.149.131.239,8000,0,,,
C0EDDE312BF54F1CDBA0B59B20366B98,43055,23791,3GNET,866184,220.206.179.17,116.79.216.163,2015-08-24 20:38:53.073652,2015-08-24 20:38:55.935764,2,420,132,1,10.164.164.129,50771,163.177.68.197,443,0,,,
185E083FC34A5B1C2D3D13098AD18960,43054,10642,3gnet,869472,220.206.179.18,116.79.216.162,2015-08-24 20:38:59.558700,2015-08-24 20:39:00.108238,0,1816,3351,1,10.164.220.158,50806,180.97.33.38,80,200,http://c.tieba.baidu.com/c/f/post/threadstore,bdtb for iOS 6.8.0,application/x-www-form-urlencoded; charset=utf-8
4C475616E5D03C8BF8E4CEC3976FEECB,43041,49341,3gnet,356958,116.79.222.17,116.79.216.164,2015-08-24 20:39:01.306509,2015-08-24 20:39:01.306509,0,126,0,1,10.164.53.49,62860,17.110.245.10,993,0,,,
C0EDDE312BF54F1CDBA0B59B20366B98,43055,23791,3GNET,866184,220.206.179.17,116.79.216.163,2015-08-24 20:39:01.413932,2015-08-24 20:39:21.195067,19,27504,52160,1,10.164.164.129,45625,140.207.127.57,443,0,,,
C0EDDE312BF54F1CDBA0B59B20366B98,43055,23791,3GNET,866184,220.206.179.17,116.79.216.163,2015-08-24 20:39:01.464392,2015-08-24 20:39:01.803986,0,829,2025,1,10.164.164.129,49289,163.177.67.143,80,200,http://strategy.beacon.qq.com/analytics/upload?mType=beacon,,
131792EE2E91E3FEC907F22C6EFF0665,43011,20952,3gnet,866484,220.206.179.48,116.79.216.163,2015-08-24 20:39:03.121903,2015-08-24 20:39:17.475803,14,240,0,1,10.162.105.9,59374,74.125.23.139,443,0,,,
131792EE2E91E3FEC907F22C6EFF0665,43011,20952,3gnet,866484,220.206.179.48,116.79.216.163,2015-08-24 20:39:03.213801,2015-08-24 20:39:17.590788,14,240,0,1,10.162.105.9,57807,74.125.23.113,443,0,,,
131792EE2E91E3FEC907F22C6EFF0665,43011,20952,3gnet,866484,220.206.179.48,116.79.216.163,2015-08-24 20:38:50.229501,2015-08-24 20:39:03.380441,13,268,172,1,10.162.105.9,42877,203.208.48.153,443,0,,,
131792EE2E91E3FEC907F22C6EFF0665,43011,20952,3gnet,866484,220.206.179.48,116.79.216.163,2015-08-24 20:39:03.424443,2015-08-24 20:39:03.424443,0,60,0,1,10.162.105.9,36096,74.125.23.100,443,0,,,
C0EDDE312BF54F1CDBA0B59B20366B98,43055,23791,3GNET,866184,220.206.179.17,116.79.216.163,2015-08-24 20:39:03.804042,2015-08-24 20:39:07.682774,0,246,700,1,10.164.164.129,58721,210.21.196.6,53,0,imgcache.qq.com,,
131792EE2E91E3FEC907F22C6EFF0665,43011,20952,3gnet,866484,220.206.179.48,116.79.216.163,2015-08-24 20:39:05.406908,2015-08-24 20:39:05.406908,0,60,0,1,10.162.105.9,44070,74.125.204.101,443,0,,,
BF92C32AD3FE60B24A33CF0512744BD3,43011,10053,3gnet,356976,220.206.129.103,116.79.216.162,2015-08-24 20:39:05.457907,2015-08-24 20:39:24.674911,19,724,1314,1,10.161.41.36,56096,17.110.229.15,5223,0,,,
131792EE2E91E3FEC907F22C6EFF0665,43011,20952,3gnet,866484,220.206.179.48,116.79.216.163,2015-08-24 20:39:05.600967,2015-08-24 20:39:05.600967,0,60,0,1,10.162.105.9,52507,74.125.204.113,443,0,,,
C0EDDE312BF54F1CDBA0B59B20366B98,43055,23791,3GNET,866184,220.206.179.17,116.79.216.163,2015-08-24 20:39:06.010151,2015-08-24 20:39:06.395808,0,722,524,1,10.164.164.129,54684,112.65.195.175,80,200,http://plus.xiangji.qq.com/Android/VerifyBlackList?mType=Zebra,Apache-HttpClient/UNAVAILABLE (java 1.4),
4C475616E5D03C8BF8E4CEC3976FEECB,43041,49341,3gnet,356958,116.79.222.17,116.79.216.164,2015-08-24 20:36:56.789429,2015-08-24 20:39:06.690742,129,1612,3461,1,10.164.53.49,63130,65.55.164.215,443,0,,,
131792EE2E91E3FEC907F22C6EFF0665,43011,20952,3gnet,866484,220.206.179.48,116.79.216.163,2015-08-24 20:39:07.403518,2015-08-24 20:39:22.159458,14,300,0,1,10.162.105.9,34800,74.125.204.95,443,0,,,
6570EC4EEB74AEE40BA7305DC5A5B401,43020,46821,3gnet,867747,116.79.221.16,116.79.216.162,2015-08-24 20:39:09.388655,2015-08-24 20:39:11.133093,1,259,551,1,10.162.119.239,33581,220.249.243.116,443,0,,,
185E083FC34A5B1C2D3D13098AD18960,43054,10642,3gnet,869472,220.206.179.18,116.79.216.162,2015-08-24 20:39:09.178990,2015-08-24 20:39:09.698902,0,1766,690,1,10.164.220.158,50807,180.97.33.38,80,200,http://c.tieba.baidu.com/c/c/post/rmstore,bdtb for iOS 6.8.0,application/x-www-form-urlencoded; charset=utf-8
BAF022E516B1E4AE4EA405A80C43BC2C,43027,45281,3GNET,354429,116.79.222.65,116.79.216.163,2015-08-24 23:43:57.098336,2015-08-24 23:43:57.460244,0,226,126,1,10.163.252.240,49692,17.110.228.78,5223,0,,,
BAF022E516B1E4AE4EA405A80C43BC2C,43027,45281,3GNET,354429,116.79.222.65,116.79.216.163,2015-08-24 23:43:57.479282,2015-08-24 23:43:59.871927,0,485,1085,1,10.163.252.240,60188,210.21.196.6,53,0,identity.ess.apple.com,,
BAF022E516B1E4AE4EA405A80C43BC2C,43027,45281,3GNET,354429,116.79.222.65,116.79.216.163,2015-08-24 23:43:58.004309,2015-08-24 23:43:58.375279,0,104,52,1,10.163.252.240,49987,17.173.255.105,443,0,,,
6570EC4EEB74AEE40BA7305DC5A5B401,43020,46821,3gnet,867747,116.79.221.16,116.79.216.162,2015-08-24 23:43:58.391299,2015-08-24 23:44:08.673640,0,2649,2383,1,10.162.119.239,54494,163.177.67.189,80,200,http://monitor.uu.qq.com/analytics/upload,,
E0EB5E9B367A1587F8F07763DB837294,43010,10422,3gnet,013729,116.79.221.18,116.79.216.164,2015-08-24 23:44:01.983991,2015-08-24 23:44:01.983991,0,174,0,1,10.160.184.224,54667,17.143.163.158,5223,0,,,
BAF022E516B1E4AE4EA405A80C43BC2C,43027,45281,3GNET,354429,116.79.222.65,116.79.216.163,2015-08-24 23:43:57.549263,2015-08-24 23:44:02.989450,5,12438,14416,1,10.163.252.240,49986,17.173.255.54,443,0,,,
B3AE9ABDF1B5959422FB127885EF8832,43015,31763,3gnet,864103,116.79.222.48,116.79.216.163,2015-08-24 23:44:13.717684,2015-08-24 23:44:13.807683,0,120,120,1,10.165.58.221,34196,58.251.61.174,80,0,,,
FF5812BC1317C8C1CCB9A678E038DAA3,43043,911,3gnet,863985,220.206.179.50,116.79.216.162,2015-08-24 23:44:13.924615,2015-08-24 23:44:13.924615,0,310,0,1,10.160.168.243,35820,123.125.102.18,80,0,,,
B3AE9ABDF1B5959422FB127885EF8832,43015,31763,3gnet,864103,116.79.222.48,116.79.216.163,2015-08-24 23:44:07.347775,2015-08-24 23:44:15.358628,8,52,312,1,10.165.58.221,34321,123.125.104.143,4829,0,,,
B3AE9ABDF1B5959422FB127885EF8832,43015,31763,3gnet,864103,116.79.222.48,116.79.216.163,2015-08-24 23:44:15.587775,2015-08-24 23:44:17.201394,0,245,413,1,10.165.58.221,56417,221.5.88.88,53,0,gw5.push.mcp.weibo.cn,,
B3AE9ABDF1B5959422FB127885EF8832,43015,31763,3gnet,864103,116.79.222.48,116.79.216.163,2015-08-24 23:44:14.667808,2015-08-24 23:44:15.603203,0,876,2397,1,10.165.58.221,38055,112.90.1.49,80,0,http://wappass.bdimg.com/static/appsapi/conf/config.txt?tpl=netdisk&app_version=7.10.0&sdk_version=6.11.2&cdnversion=4801437&di=8414404311110020_HxgbtLpCMpkLUm7dkWhztSj%2BhfwJt8YBv%2F8TbMZjEwVaCLcPDY9%2FoNlllhysyRLnvgZeHhxov7I21zOC895rFxquvleNlgabhQmS0RCcMOcYEGTgWACRysSl%2FwgywkM2tIjcVGs7HZ6tI%2FvZrCF6D%2F1XamtUGS5QhWepyJyyG%2B1A4bFmcglKsip8dcta8GVt4UbytuPRj77SnlgaxL4KyQ%3D%3D,Baidu-Android-Lib-V1.0,
B3AE9ABDF1B5959422FB127885EF8832,43015,31763,3gnet,864103,116.79.222.48,116.79.216.163,2015-08-24 23:44:15.717395,2015-08-24 23:44:15.997390,0,637,1280,1,10.165.58.221,59211,112.90.1.49,80,0,http://wappass.bdimg.com/static/appsapi/conf/download_c315426cfcc1671cdae9b47143a9b07d.txt?tpl=netdisk&app_version=7.10.0&sdk_version=6.11.2,Baidu-Android-Lib-V1.0,
B3AE9ABDF1B5959422FB127885EF8832,43015,31763,3gnet,864103,116.79.222.48,116.79.216.163,2015-08-24 23:44:15.067823,2015-08-24 23:44:16.227466,1,1502,886,1,10.165.58.221,36523,202.108.23.29,80,200,http://pan.baidu.com/api/cfginvoke?type=cfgcheck&devuid=147371220301468&clienttype=1&channel=android_4.4.2_H60-L02_bd-netdisk_1001192h&version=7.10.0&logid=MTQ0MDQzMTExMTk1NCwxMC42My4yMzYuNjksODY4MjEx&rand=31da09eb46d7d9fb8c9784a5cb10a5534d0f9698&time=1440431111&cuid=DA1F52E31D5C7B028EDBD986A8AF4F21%257C147371220301468,netdisk;7.10.0;H60-L02;android-android;4.4.2,application/x-www-form-urlencoded
B3AE9ABDF1B5959422FB127885EF8832,43015,31763,3gnet,864103,116.79.222.48,116.79.216.163,2015-08-24 23:44:15.067764,2015-08-24 23:44:16.273922,1,1448,877,1,10.165.58.221,50640,202.108.23.29,80,200,http://pan.baidu.com/api/cfgactivity?type=cfgcheck&devuid=147371220301468&clienttype=1&channel=android_4.4.2_H60-L02_bd-netdisk_1001192h&version=7.10.0&logid=MTQ0MDQzMTExMTk0MSwxMC42My4yMzYuNjksMzQ0MzQ4&rand=31da09eb46d7d9fb8c9784a5cb10a5534d0f9698&time=1440431111&cuid=DA1F52E31D5C7B028EDBD986A8AF4F21%257C147371220301468,netdisk;7.10.0;H60-L02;android-android;4.4.2,application/x-www-form-urlencoded
B3AE9ABDF1B5959422FB127885EF8832,43015,31763,3gnet,864103,116.79.222.48,116.79.216.163,2015-08-24 23:44:15.177705,2015-08-24 23:44:16.322832,1,1335,1492,1,10.165.58.221,33576,202.108.23.29,80,200,http://pan.baidu.com/rest/2.0/membership/speeds/freqctrl?method=get&devuid=147371220301468&clienttype=1&channel=android_4.4.2_H60-L02_bd-netdisk_1001192h&version=7.10.0&logid=MTQ0MDQzMTExMjA4NSwxMC42My4yMzYuNjksMzA4NjMw&rand=e0c0ff4c6b0f2803dc1a67470c068986bf9405b6&time=1440431112&cuid=DA1F52E31D5C7B028EDBD986A8AF4F21%257C147371220301468,netdisk;7.10.0;H60-L02;android-android;4.4.2,
B3AE9ABDF1B5959422FB127885EF8832,43015,31763,3gnet,864103,116.79.222.48,116.79.216.163,2015-08-24 23:44:15.708191,2015-08-24 23:44:16.325270,0,564,301,1,10.165.58.221,56455,123.126.42.248,4828,0,,,
B3AE9ABDF1B5959422FB127885EF8832,43015,31763,3gnet,864103,116.79.222.48,116.79.216.163,2015-08-24 23:44:15.187785,2015-08-24 23:44:16.482723,1,1441,1369,1,10.165.58.221,35390,202.108.23.29,80,200,http://pan.baidu.com/api/user/getinfo?devuid=147371220301468&clienttype=1&channel=android_4.4.2_H60-L02_bd-netdisk_1001192h&version=7.10.0&logid=MTQ0MDQzMTExMjEyNSwxMC42My4yMzYuNjksNDY2MDk2&rand=e0c0ff4c6b0f2803dc1a67470c068986bf9405b6&time=1440431112&cuid=DA1F52E31D5C7B028EDBD986A8AF4F21%257C147371220301468,netdisk;7.10.0;H60-L02;android-android;4.4.2,application/x-www-form-urlencoded
B55F17EAC850AC86F8B56339AF08FD42,43020,13681,3gnet,358768,116.79.221.16,116.79.216.163,2015-08-24 23:39:26.732922,2015-08-24 23:39:36.565159,9,6204,3906,1,10.164.48.101,52603,17.110.224.75,5223,0,,,
B3AE9ABDF1B5959422FB127885EF8832,43015,31763,3gnet,864103,116.79.222.48,116.79.216.163,2015-08-24 23:44:16.537299,2015-08-24 23:44:16.708145,0,140,88,1,10.165.58.221,58251,60.217.244.182,8887,0,,,
B3AE9ABDF1B5959422FB127885EF8832,43015,31763,3gnet,864103,116.79.222.48,116.79.216.163,2015-08-24 23:44:16.337280,2015-08-24 23:44:16.879261,0,992,1137,1,10.165.58.221,36399,112.80.255.36,80,200,http://m.baidu.com/xcloudboss?r=update/do&cuid=DA1F52E31D5C7B028EDBD986A8AF4F21%7C147371220301468&pkg=com.baidu.netdisk&ver=103&mover=1,Apache-HttpClient/UNAVAILABLE (java 1.4),application/x-www-form-urlencoded
B3AE9ABDF1B5959422FB127885EF8832,43015,31763,3gnet,864103,116.79.222.48,116.79.216.163,2015-08-24 23:44:13.367327,2015-08-24 23:44:17.077474,3,80,0,1,10.165.58.221,43602,202.108.23.29,80,0,,,
B3AE9ABDF1B5959422FB127885EF8832,43015,31763,3gnet,864103,116.79.222.48,116.79.216.163,2015-08-24 23:44:17.267957,2015-08-24 23:44:20.287957,3,180,0,1,10.165.58.221,50579,74.125.130.188,5228,0,,,
B3AE9ABDF1B5959422FB127885EF8832,43015,31763,3gnet,864103,116.79.222.48,116.79.216.163,2015-08-24 23:44:13.627147,2015-08-24 23:44:17.367895,3,80,0,1,10.165.58.221,36026,202.108.23.29,443,0,,,
C58705F3B2708BD4EA736BDD3ABE4D5A,43015,22172,3GNET,359255,116.79.222.68,116.79.216.163,2015-08-24 23:44:17.529804,2015-08-24 23:44:17.529804,0,174,0,1,10.162.55.58,63379,17.172.239.0,5223,0,,,
B3AE9ABDF1B5959422FB127885EF8832,43015,31763,3gnet,864103,116.79.222.48,116.79.216.163,2015-08-24 23:44:15.237755,2015-08-24 23:44:19.744287,4,104,40,1,10.165.58.221,54909,112.90.1.48,80,0,,,
6570EC4EEB74AEE40BA7305DC5A5B401,43020,46821,3gnet,867747,116.79.221.16,116.79.216.162,2015-08-24 23:44:22.674308,2015-08-24 23:44:23.861670,1,144,1029,1,10.162.119.239,33581,220.249.243.116,443,0,,,
B3AE9ABDF1B5959422FB127885EF8832,43015,31763,3gnet,864103,116.79.222.48,116.79.216.163,2015-08-24 23:43:12.189030,2015-08-24 23:44:23.097593,70,642,484,1,10.165.58.221,53024,117.135.167.93,80,206,http://117.135.167.93/a/3/?p=a&v=4&c=z&st=bfe83782d583d8b7bc9d179b0a6b4ed2&sv=3.1&az=android-huawei-wallpaper&id=31610919105439&sid=ff94c4fb10b9d84a@217-a3.handpet.com,Android client,
B3AE9ABDF1B5959422FB127885EF8832,43015,31763,3gnet,864103,116.79.222.48,116.79.216.163,2015-08-24 23:44:15.327717,2015-08-24 23:44:23.242844,7,80,40,1,10.165.58.221,60584,202.108.23.29,80,0,,,
