D188137CB64193A1C21D11DBA220988D,41214,23711,3gnet,357351,220.206.165.184,116.79.216.164,2015-08-17 23:16:53.726835,2015-08-17 23:17:23.140963,0,1192,837,1,10.166.52.122,32358,210.21.196.6,53,0,upoll.umengcloud.com,,
8BE3C3173E01B788D49BE555D4E56C9B,41051,14411,3gnet,358776,116.79.243.57,116.79.216.163,2015-08-17 23:16:53.889453,2015-08-17 23:16:53.889453,0,174,0,1,10.165.52.165,50387,17.110.228.158,5223,0,,,
4B44B960F5E779D1929B3679D5E4D390,41039,12732,3gnet.mnc001.mcc460.gprs,868017,220.206.128.185,116.79.216.162,2015-08-17 23:16:48.789425,2015-08-17 23:16:54.328416,5,8022,898,1,10.163.93.175,52812,163.177.83.213,80,200,http://szminorshort.weixin.qq.com/cgi-bin/micromsg-bin/reportkvcomm,MicroMessenger Client,application/octet-stream
DC408FC683602BC56B890CA02684D3C9,41082,13922,3gnet,352054,220.206.128.70,116.79.216.162,2015-08-17 23:16:55.857103,2015-08-17 23:16:55.860073,0,142,570,1,10.163.171.136,53307,210.21.196.6,53,0,20-courier.push.apple.com,,
8A0592DF2F83EED34EC1424CBF20D69B,40984,27021,3gnet,352066,220.206.165.69,116.79.216.164,2015-08-17 23:16:57.593549,2015-08-17 23:16:57.749512,0,272,168,1,10.160.174.36,49911,122.13.85.14,80,0,,,
2BC821EC45610E51E3B1165D1F10AB62,41009,50622,3gnet,866769,220.206.165.103,116.79.216.164,2015-08-17 23:15:42.959560,2015-08-17 23:16:58.350860,75,7544,153356,1,10.164.241.197,51723,163.177.76.88,80,200,http://mmsns.qpic.cn/mmsns/fvpTiaJQ7BC38uIUY0skr7Jt6r5bpSYXftC37S8Ku4DQ/0,Dalvik/2.1.0 (Linux; U; Android 5.0.2; NX511J Build/LRX22G),image/png
DC408FC683602BC56B890CA02684D3C9,41082,13922,3gnet,352054,220.206.128.70,116.79.216.162,2015-08-17 23:16:58.436284,2015-08-17 23:17:12.337701,13,2900,0,1,10.163.171.136,60837,17.143.161.97,5223,0,,,
DA900ADABD01FEF0BFC689FE179DB1C0,4302,35485,3gnet,354438,220.206.165.182,116.79.216.163,2015-08-17 23:16:58.820705,2015-08-17 23:16:59.069480,0,822,1499,2,10.161.206.172,50585,140.207.135.32,80,200,http://short.weixin.qq.com/cgi-bin/micromsg-bin/mmsnssync,MicroMessenger Client,application/octet-stream
DA900ADABD01FEF0BFC689FE179DB1C0,4302,35485,3gnet,354438,220.206.165.182,116.79.216.163,2015-08-17 23:16:59.183781,2015-08-17 23:16:59.183781,0,432,0,2,10.161.206.172,50442,140.206.160.213,80,0,,,
4963B485B8DCC4E5C40933B24A9B57A1,41041,16731,3gnet,359248,220.206.165.219,116.79.216.164,2015-08-17 23:12:08.824473,2015-08-17 23:12:20.021788,11,5714,3870,1,10.161.171.52,58225,17.143.163.163,5223,0,,,
8A0592DF2F83EED34EC1424CBF20D69B,40984,27021,3gnet,352066,220.206.165.69,116.79.216.164,2015-08-17 23:16:59.987628,2015-08-17 23:17:00.347642,0,2262,17549,1,10.160.174.36,49912,122.13.85.14,80,200,http://vs4.gzcu.u3.ucweb.com/?ucid=1411-24525753081-e407aab6,,application/octet-stream
4B44B960F5E779D1929B3679D5E4D390,41039,12732,3gnet.mnc001.mcc460.gprs,868017,220.206.128.185,116.79.216.162,2015-08-17 23:17:01.048138,2015-08-17 23:17:01.122176,0,100,60,1,10.163.93.175,50724,163.177.84.148,8080,0,,,
FE051724A95791710FF4E21A48DD98AE,41201,30421,3gnet,354430,220.206.165.79,116.79.216.162,2015-08-17 23:17:01.677398,2015-08-17 23:17:01.677398,0,1440,0,1,10.162.134.200,62013,17.143.162.162,5223,0,,,
8BE3C3173E01B788D49BE555D4E56C9B,41051,14411,3gnet,358776,116.79.243.57,116.79.216.163,2015-08-17 23:17:02.246913,2015-08-17 23:17:02.250500,0,142,570,1,10.165.52.165,52732,210.21.196.6,53,0,46-courier.push.apple.com,,
4B44B960F5E779D1929B3679D5E4D390,41039,12732,3gnet.mnc001.mcc460.gprs,868017,220.206.128.185,116.79.216.162,2015-08-17 23:16:58.039794,2015-08-17 23:17:02.608193,4,9912,468440,1,10.163.93.175,33566,163.177.84.147,8080,0,,,
8BE3C3173E01B788D49BE555D4E56C9B,41051,14411,3gnet,358776,116.79.243.57,116.79.216.163,2015-08-17 23:17:03.410917,2015-08-17 23:17:04.421023,1,220,112,1,10.165.52.165,50461,17.172.232.211,5223,0,,,
8A0592DF2F83EED34EC1424CBF20D69B,40984,27021,3gnet,352066,220.206.165.69,116.79.216.164,2015-08-17 23:17:04.311676,2015-08-17 23:17:04.467699,0,272,168,1,10.160.174.36,49914,122.13.85.14,80,0,,,
8BE3C3173E01B788D49BE555D4E56C9B,41051,14411,3gnet,358776,116.79.243.57,116.79.216.163,2015-08-17 23:16:42.422315,2015-08-17 23:17:05.900914,23,922,0,1,10.165.52.165,50439,17.143.160.95,5223,0,,,
8A0592DF2F83EED34EC1424CBF20D69B,40984,27021,3gnet,352066,220.206.165.69,116.79.216.164,2015-08-17 23:16:17.922694,2015-08-17 23:17:06.656196,48,336,208,1,10.160.174.36,49888,122.13.85.14,80,0,,,
8A0592DF2F83EED34EC1424CBF20D69B,40984,27021,3gnet,352066,220.206.165.69,116.79.216.164,2015-08-17 23:16:17.928735,2015-08-17 23:17:06.662319,48,336,208,1,10.160.174.36,49890,122.13.85.14,80,0,,,
8A0592DF2F83EED34EC1424CBF20D69B,40984,27021,3gnet,352066,220.206.165.69,116.79.216.164,2015-08-17 23:16:17.926767,2015-08-17 23:17:06.669893,48,336,208,1,10.160.174.36,49889,122.13.85.14,80,0,,,
8A0592DF2F83EED34EC1424CBF20D69B,40984,27021,3gnet,352066,220.206.165.69,116.79.216.164,2015-08-17 23:16:17.932743,2015-08-17 23:17:06.671981,48,336,208,1,10.160.174.36,49891,122.13.85.14,80,0,,,
7E61B0E543241D343391EE46587C727D,41078,15611,3gnet,863296,220.206.128.155,116.79.216.162,2015-08-17 23:07:22.344617,2015-08-17 23:12:27.974437,305,7140,16972,1,10.162.156.112,41872,125.39.247.164,443,0,120787394,,
0185DF991A032256C14F522CB1A924A8,41071,15121,3gnet,355868,220.206.165.226,116.79.216.162,2015-08-17 23:17:08.998358,2015-08-17 23:17:09.136590,0,459,6103,1,10.160.180.187,50098,112.90.78.170,8080,0,,,
4B44B960F5E779D1929B3679D5E4D390,41039,12732,3gnet.mnc001.mcc460.gprs,868017,220.206.128.185,116.79.216.162,2015-08-17 23:17:09.186815,2015-08-17 23:17:26.285709,17,1405,1990,1,10.163.93.175,44039,112.90.74.148,8080,0,,,
DB0E9E6EEBDEB7FD2EDA1A3DB856CC71,41012,48716,3GNET,862663,220.206.165.51,116.79.216.162,2015-08-17 23:17:09.831819,2015-08-17 23:17:09.831819,0,60,0,1,10.160.224.71,51899,74.125.68.188,5228,0,,,
71532C35DEBC2A27061076C11CE5B015,41010,14912,3gnet,358363,220.206.165.217,116.79.216.164,2015-08-17 23:17:09.870771,2015-08-17 23:17:09.870843,0,1628,0,1,10.165.244.140,55400,17.110.225.204,5223,0,,,
2BC821EC45610E51E3B1165D1F10AB62,41009,50622,3gnet,866769,220.206.165.103,116.79.216.164,2015-08-17 23:17:10.319590,2015-08-17 23:17:29.991783,19,958,5222,1,10.164.241.197,56676,163.177.71.147,443,0,,,
7E61B0E543241D343391EE46587C727D,41078,15611,3gnet,863296,220.206.128.155,116.79.216.162,2015-08-17 23:17:12.594748,2015-08-17 23:17:12.597397,0,62,267,1,10.162.156.112,40686,210.21.196.6,53,0,mtalk.google.com,,
7E61B0E543241D343391EE46587C727D,41078,15611,3gnet,863296,220.206.128.155,116.79.216.162,2015-08-17 23:17:12.695932,2015-08-17 23:17:27.719117,15,300,0,1,10.162.156.112,47998,74.125.23.188,5228,0,,,
90C763E6AFA426525FF2C1D46CD927B1,41025,17231,3gnet,352067,220.206.165.58,116.79.216.162,2015-08-17 23:15:32.552122,2015-08-17 23:17:13.101599,100,10687,7128,1,10.162.246.50,54897,17.143.164.155,5223,0,,,
90C763E6AFA426525FF2C1D46CD927B1,41025,17231,3gnet,352067,220.206.165.58,116.79.216.162,2015-08-17 23:17:13.246677,2015-08-17 23:17:13.249281,0,71,285,1,10.162.246.50,62983,210.21.196.6,53,0,38-courier.push.apple.com,,
2BC821EC45610E51E3B1165D1F10AB62,41009,50622,3gnet,866769,220.206.165.103,116.79.216.164,2015-08-17 23:17:13.502384,2015-08-17 23:17:27.315341,0,131,506,1,10.164.241.197,46247,210.21.196.6,53,0,strategy.beacon.qq.com,,
DB0E9E6EEBDEB7FD2EDA1A3DB856CC71,41012,48716,3GNET,862663,220.206.165.51,116.79.216.162,2015-08-17 23:17:15.197288,2015-08-17 23:17:20.531943,0,448,871,1,10.160.224.71,27381,223.5.5.5,53,0,95200.txt.ymapp.com,,
2BC821EC45610E51E3B1165D1F10AB62,41009,50622,3gnet,866769,220.206.165.103,116.79.216.164,2015-08-17 23:16:58.781885,2015-08-17 23:17:15.822390,17,280,0,1,10.164.241.197,56496,163.177.83.179,80,0,,,
2BC821EC45610E51E3B1165D1F10AB62,41009,50622,3gnet,866769,220.206.165.103,116.79.216.164,2015-08-17 23:16:58.781885,2015-08-17 23:17:16.692560,17,280,0,1,10.164.241.197,51513,163.177.71.192,80,0,,,
F54A0F72062408EDC2DBC4B2A8342383,41213,42411,3GNET,013137,220.206.128.75,116.79.216.164,2015-08-17 23:17:18.173874,2015-08-17 23:17:18.173874,0,40,0,1,10.163.163.227,57944,17.110.225.204,5223,0,,,
DA900ADABD01FEF0BFC689FE179DB1C0,4302,35485,3gnet,354438,220.206.165.182,116.79.216.163,2015-08-17 23:17:19.841374,2015-08-17 23:17:19.841374,0,40,0,2,10.161.206.172,50482,17.167.194.149,443,0,,,
90C763E6AFA426525FF2C1D46CD927B1,41025,17231,3gnet,352067,220.206.165.58,116.79.216.162,2015-08-17 23:17:13.346847,2015-08-17 23:17:20.336723,6,388,164,1,10.162.246.50,54905,17.172.233.99,5223,0,,,
DB0E9E6EEBDEB7FD2EDA1A3DB856CC71,41012,48716,3GNET,862663,220.206.165.51,116.79.216.162,2015-08-17 23:17:20.382281,2015-08-17 23:17:20.656307,0,1216,610,1,10.160.224.71,45526,112.80.248.60,80,0,http://tls.dxsvr.com/dxbb/2.0/user?auth_ver=2&appkey=826cbaee4fb153d1e9882964&nonce=1439824639352&model=MI+2SC&is=460016774232697&signmd5=2827349581&op=46001&vendor=Xiaomi&locale=zh_CN&pkg=com.miui.guardprovider&tk=sc8Q0h6Y98L5itYKJV1ViA%3D%3D&h=1280&vn=1.0&w=720&v=1&ntt=HSPA%2B&ie=862663023720016&lc=oH4uB1IpvTjNv4c6&sdk=16&dpi=320&sdk_api=4&sdk_ver=1.3.2&tk=sc8Q0h6Y98L5itYKJV1ViA%3D%3D&s=6ecb1d44dcb0a43bc8b49df8fb215b68&auth_ver=2&appkey=826cbaee4fb153d1e9882964&nonce=1439824639378&model=MI+2SC&is=460016774232697&signmd5=2827349581&op=46001&vendor=Xiaomi&locale=zh_CN&pkg=com.miui.guardprovider&tk=sc8Q0h6Y98L5itYKJV1ViA%3D%3D&h=1280&vn=1.0&w=720&v=1&ntt=HSPA%2B&ie=862663023720016&lc=oH4uB1IpvTjNv4c6&sdk=16&dpi=320&sdk_api=4&sdk_ver=1.3.2&s=0f5a72cdd1e558fd8aa266bc31168b16,Dalvik/1.6.0 (Linux; U; Android 4.1.1; MI 2SC MIUI/JLB54.0),
DB0E9E6EEBDEB7FD2EDA1A3DB856CC71,41012,48716,3GNET,862663,220.206.165.51,116.79.216.162,2015-08-17 23:17:20.594283,2015-08-17 23:17:20.842323,0,570,569,1,10.160.224.71,56474,122.13.218.61,80,200,http://api.share.mob.com:80/conf4,,application/x-www-form-urlencoded
DB0E9E6EEBDEB7FD2EDA1A3DB856CC71,41012,48716,3GNET,862663,220.206.165.51,116.79.216.162,2015-08-17 23:17:20.650348,2015-08-17 23:17:20.884299,0,488,1059,1,10.160.224.71,56475,122.13.218.61,80,200,http://api.share.mob.com:80/snsconf,,application/x-www-form-urlencoded
DB0E9E6EEBDEB7FD2EDA1A3DB856CC71,41012,48716,3GNET,862663,220.206.165.51,116.79.216.162,2015-08-17 23:17:16.406599,2015-08-17 23:17:20.930243,4,498,680,1,10.160.224.71,53452,58.63.244.57,80,200,http://cf8d.stat.gw.youmi.net/stat/v3/udt?pdt=2,Mozilla/5.0 (Linux; U; Android 4.1.1; zh-cn; MI 2SC Build/JRO03L) AppleWebkit/533.1 (KHTML, like Gecko) Version/4.0 Mobile Safari/533.1,text/html
4B44B960F5E779D1929B3679D5E4D390,41039,12732,3gnet.mnc001.mcc460.gprs,868017,220.206.128.185,116.79.216.162,2015-08-17 23:17:18.603102,2015-08-17 23:17:21.295242,2,1100,891,1,10.163.93.175,34185,202.108.7.133,80,200,http://api.weibo.cn/2/remind/group_unread?group_ids=100012123160793%2C100092123160793%2C100032123160793%2C100042123160793%2C221105070193865450%2C221105070202201583%2C221105070193865460%2C221105070194117355%2C3645452635264509%2C3645452635062920%2C3645452635062917%2C3712079590797988%2C3746540340040152%2C3753007236049467%2C3762129913838257%2C100052123160793%2C100082123160793&with_url=0&c=android&i=ffb4b6c&s=60e40256&ua=Meizu-m2%20note__weibo__5.1.0__android__android5.1&wm=19005_0019&v_f=2&from=1051095014&gsid=_2A2541ca9DeTxGeRP6VEQ9i7Lwj-IHXVZw111rDV6PUJbrdAKLXnAkWoe_ZNJouzBtcb-z5qIpukVbvAEoQ..&lang=zh_CN&skin=default&oldwm=19005_0019,m2 note_5.1_weibo_5.1.0_android,application/json;charset=UTF-8
DB0E9E6EEBDEB7FD2EDA1A3DB856CC71,41012,48716,3GNET,862663,220.206.165.51,116.79.216.162,2015-08-17 23:17:22.526379,2015-08-17 23:17:22.806395,0,618,375,1,10.160.224.71,56478,122.13.218.61,80,200,http://api.share.mob.com:80/log4,,application/x-www-form-urlencoded
DB0E9E6EEBDEB7FD2EDA1A3DB856CC71,41012,48716,3GNET,862663,220.206.165.51,116.79.216.162,2015-08-17 23:17:21.068356,2015-08-17 23:17:23.253386,2,164,96,1,10.160.224.71,39849,101.71.43.55,80,0,,,
2BC821EC45610E51E3B1165D1F10AB62,41009,50622,3gnet,866769,220.206.165.103,116.79.216.164,2015-08-17 23:17:24.772640,2015-08-17 23:17:24.892207,0,123,58,1,10.164.241.197,58508,123.125.104.183,4829,0,,,
DA900ADABD01FEF0BFC689FE179DB1C0,4302,35485,3gnet,354438,220.206.165.182,116.79.216.163,2015-08-17 23:17:25.326641,2015-08-17 23:17:25.328124,0,76,204,2,10.161.206.172,49387,210.21.196.6,53,0,gs-loc.ls-apple.com.akadns.net,,
573A2B3BEA245C0C4FE1EE48C5E99130,41011,3911,3gnet,354438,116.79.243.8,116.79.216.162,2015-08-17 23:17:25.171629,2015-08-17 23:17:25.525546,0,902,1234,1,10.161.103.165,63855,140.206.160.213,80,200,http://short.weixin.qq.com/cgi-bin/micromsg-bin/mmsnssync,MicroMessenger Client,application/octet-stream
DA900ADABD01FEF0BFC689FE179DB1C0,4302,35485,3gnet,354438,220.206.165.182,116.79.216.163,2015-08-17 23:17:26.076561,2015-08-17 23:17:26.841620,0,104,52,2,10.161.206.172,50588,17.167.194.149,443,0,,,
DA900ADABD01FEF0BFC689FE179DB1C0,4302,35485,3gnet,354438,220.206.165.182,116.79.216.163,2015-08-17 23:17:25.611565,2015-08-17 23:17:26.841704,1,184,92,2,10.161.206.172,50587,17.167.192.151,443,0,,,
2BC821EC45610E51E3B1165D1F10AB62,41009,50622,3gnet,866769,220.206.165.103,116.79.216.164,2015-08-17 23:17:13.592281,2015-08-17 23:17:26.871703,13,1036,2034,1,10.164.241.197,42595,58.251.148.246,80,200,http://strategy.beacon.qq.com/analytics/upload?mType=beacon,,
7E61B0E543241D343391EE46587C727D,41078,15611,3gnet,863296,220.206.128.155,116.79.216.162,2015-08-17 23:17:27.397476,2015-08-17 23:17:42.127823,14,625,0,1,10.162.156.112,33392,163.177.72.151,8080,0,,,
7E61B0E543241D343391EE46587C727D,41078,15611,3gnet,863296,220.206.128.155,116.79.216.162,2015-08-17 23:17:27.449088,2015-08-17 23:17:27.559079,0,106,54,1,10.162.156.112,57292,58.251.139.182,8080,0,,,
7E61B0E543241D343391EE46587C727D,41078,15611,3gnet,863296,220.206.128.155,116.79.216.162,2015-08-17 23:17:28.039066,2015-08-17 23:17:28.189080,0,155,151,1,10.162.156.112,41872,125.39.247.164,443,0,,,
DA900ADABD01FEF0BFC689FE179DB1C0,4302,35485,3gnet,354438,220.206.165.182,116.79.216.163,2015-08-17 23:17:25.391539,2015-08-17 23:17:28.121656,2,1081,4876,2,10.161.206.172,50586,17.167.194.120,443,0,,,
34EE9E10BF4CE2A94A4655A0F8802614,40999,35112,3gnet,013478,220.206.165.138,116.79.216.163,2015-08-17 23:17:28.803034,2015-08-17 23:17:32.217698,0,393,570,1,10.160.123.158,62948,210.21.196.6,53,0,yun.n.shifen.com,,
34EE9E10BF4CE2A94A4655A0F8802614,40999,35112,3gnet,013478,220.206.165.138,116.79.216.163,2015-08-17 23:17:28.803153,2015-08-17 23:17:37.195820,8,4818,468,1,10.160.123.158,53472,17.143.161.92,5223,0,,,
573A2B3BEA245C0C4FE1EE48C5E99130,41011,3911,3gnet,354438,116.79.243.8,116.79.216.162,2015-08-17 23:17:26.831627,2015-08-17 23:17:29.177705,2,771,9241,1,10.161.103.165,63856,163.177.76.76,80,200,http://mmsns.qpic.cn/mmsns/JKBJv3Nj8qfVTvdt6nMonEibfLcUpgNWPTuBGiaZ3EzibCh6TbkJqWlxfWS4DXnIhzMDP2guz9UVcc/150?tp=webp&length=2208&width=1242,WeChat/6.2.4.17 CFNetwork/711.1.16 Darwin/14.0.0,image/webp
34EE9E10BF4CE2A94A4655A0F8802614,40999,35112,3gnet,013478,220.206.165.138,116.79.216.163,2015-08-17 23:17:28.894569,2015-08-17 23:17:29.198891,0,934,3851,1,10.160.123.158,53663,112.90.1.49,80,0,http://wappass.bdimg.com/static/appsapi/conf/config.txt?cdnversion=4799415&di=6414398246470020_M%2BfwSJzVjV01UJyPr3%2B7X6wHYQZ1ieLosu8iF3MSx1fX8lQcYKoBzl2nu%2ByzdBwbUwvu3jffp4Jasgdmgmd1aPHUwIwPL%2BNJBacc99EUEhrxLUhyWjcWYf5lUHqjyhX%2FffuLtqmzAXma2N3ywOp1BRIEzUc5ndufEWtUHaE9s5jDxCi3mfsNapnBBUc6zrLonb8pXIJAL7MVXoAgQgR4qg%3D%3D,netdisk_iPhone/6.6.0.19 CFNetwork/672.1.15 Darwin/14.0.0,
34EE9E10BF4CE2A94A4655A0F8802614,40999,35112,3gnet,013478,220.206.165.138,116.79.216.163,2015-08-17 23:17:28.802988,2015-08-17 23:17:29.204117,0,961,1311,1,10.160.123.158,53661,124.161.24.171,443,0,http://dns.weixin.qq.com/cgi-bin/micromsg-bin/newgetdns?uin=313112535&clientversion=369230865&scene=0&net=2&md5=12a67ac3286a1c91f963629df13bff8b&devicetype=iPhone+OS7.1.2&lan=zh_CN&sigver=1,MicroMessenger Client,
34EE9E10BF4CE2A94A4655A0F8802614,40999,35112,3gnet,013478,220.206.165.138,116.79.216.163,2015-08-17 23:17:28.894638,2015-08-17 23:17:29.386197,0,1255,1465,1,10.160.123.158,53665,61.135.185.224,80,200,http://yun.baidu.com/rest/2.0/membership/user?clienttype=1&channel=iPhone%20OS_7.1.2_iPhone%205_chunlei_1099a_3g&devuid=10e3c2d67588b8f614cd6cde0b8faae1ae4b32c8&cuid=10e3c2d67588b8f614cd6cde0b8faae1ae4b32c8&version=6.6.0&logid=MjAxNTA4MTcyMzE3Mjc1OTYsMGY2MDcyNjRmYzYzMThhOTJiOWUxM2M2NWRiN2NkM2MsNTc1Mw==,netdisk;6.6.0;iPhone 5;ios-iphone;7.1.2;zh_CN,application/x-www-form-urlencoded; charset=utf-8
34EE9E10BF4CE2A94A4655A0F8802614,40999,35112,3gnet,013478,220.206.165.138,116.79.216.163,2015-08-17 23:17:28.904092,2015-08-17 23:17:29.395768,0,1122,1352,1,10.160.123.158,53666,202.108.23.29,80,0,http://pan.baidu.com/api/version/getlatestversion?clienttype=1&channel=iPhone%20OS_7.1.2_iPhone%205_chunlei_1099a_3g&devuid=10e3c2d67588b8f614cd6cde0b8faae1ae4b32c8&cuid=10e3c2d67588b8f614cd6cde0b8faae1ae4b32c8&version=6.6.0&logid=MjAxNTA4MTcyMzE3Mjc5MzYsMGY2MDcyNjRmYzYzMThhOTJiOWUxM2M2NWRiN2NkM2MsOTc3NA==,netdisk;6.6.0;iPhone 5;ios-iphone;7.1.2;zh_CN,
34EE9E10BF4CE2A94A4655A0F8802614,40999,35112,3gnet,013478,220.206.165.138,116.79.216.163,2015-08-17 23:17:29.124244,2015-08-17 23:17:29.537819,0,888,6420,1,10.160.123.158,53668,140.207.135.32,80,200,http://short.weixin.qq.com/cgi-bin/micromsg-bin/newsync,MicroMessenger Client,application/octet-stream
34EE9E10BF4CE2A94A4655A0F8802614,40999,35112,3gnet,013478,220.206.165.138,116.79.216.163,2015-08-17 23:17:29.334724,2015-08-17 23:17:29.648876,0,723,954,1,10.160.123.158,53669,112.90.1.49,80,0,http://wappass.bdimg.com/static/appsapi/conf/download_836ddb3f0846fe72862f40da8a14f18d.txt,netdisk_iPhone/6.6.0.19 CFNetwork/672.1.15 Darwin/14.0.0,
34EE9E10BF4CE2A94A4655A0F8802614,40999,35112,3gnet,013478,220.206.165.138,116.79.216.163,2015-08-17 23:17:28.894583,2015-08-17 23:17:30.200692,1,2275,5713,1,10.160.123.158,53664,111.206.37.37,443,0,,,
34EE9E10BF4CE2A94A4655A0F8802614,40999,35112,3gnet,013478,220.206.165.138,116.79.216.163,2015-08-17 23:17:29.694565,2015-08-17 23:17:30.328284,0,1891,65118,1,10.160.123.158,53670,140.207.135.32,80,200,http://short.weixin.qq.com/cgi-bin/micromsg-bin/receiveemoji,MicroMessenger Client,application/octet-stream
34EE9E10BF4CE2A94A4655A0F8802614,40999,35112,3gnet,013478,220.206.165.138,116.79.216.163,2015-08-17 23:17:30.034166,2015-08-17 23:17:30.338472,0,677,1274,1,10.160.123.158,53671,140.207.135.32,80,200,http://short.weixin.qq.com/cgi-bin/micromsg-bin/getemotiondesc,MicroMessenger Client,application/octet-stream
7E61B0E543241D343391EE46587C727D,41078,15611,3gnet,863296,220.206.128.155,116.79.216.162,2015-08-17 23:17:29.459162,2015-08-17 23:17:30.609489,1,3164,4297,1,10.162.156.112,43917,36.248.4.40,443,0,,,
2BC821EC45610E51E3B1165D1F10AB62,41009,50622,3gnet,866769,220.206.165.103,116.79.216.164,2015-08-17 23:17:27.382733,2015-08-17 23:17:30.701829,3,1058,778,1,10.164.241.197,41584,163.177.67.188,80,200,http://monitor.uu.qq.com/analytics/upload,,
34EE9E10BF4CE2A94A4655A0F8802614,40999,35112,3gnet,013478,220.206.165.138,116.79.216.163,2015-08-17 23:17:30.354238,2015-08-17 23:17:30.957660,0,1731,56566,1,10.160.123.158,53672,140.207.135.32,80,200,http://short.weixin.qq.com/cgi-bin/micromsg-bin/receiveemoji,MicroMessenger Client,application/octet-stream
34EE9E10BF4CE2A94A4655A0F8802614,40999,35112,3gnet,013478,220.206.165.138,116.79.216.163,2015-08-17 23:17:30.734177,2015-08-17 23:17:31.221038,0,3604,685,1,10.160.123.158,53673,140.207.54.47,80,200,http://minorshort.weixin.qq.com/cgi-bin/micromsg-bin/reportkvcomm,MicroMessenger Client,application/octet-stream
34EE9E10BF4CE2A94A4655A0F8802614,40999,35112,3gnet,013478,220.206.165.138,116.79.216.163,2015-08-17 23:17:30.904657,2015-08-17 23:17:31.336620,0,1255,1464,1,10.160.123.158,53674,61.135.185.224,80,200,http://yun.baidu.com/rest/2.0/membership/user?clienttype=1&channel=iPhone%20OS_7.1.2_iPhone%205_chunlei_1099a_3g&devuid=10e3c2d67588b8f614cd6cde0b8faae1ae4b32c8&cuid=10e3c2d67588b8f614cd6cde0b8faae1ae4b32c8&version=6.6.0&logid=MjAxNTA4MTcyMzE3MzEwMDIsMGY2MDcyNjRmYzYzMThhOTJiOWUxM2M2NWRiN2NkM2MsMjI4OA==,netdisk;6.6.0;iPhone 5;ios-iphone;7.1.2;zh_CN,application/x-www-form-urlencoded; charset=utf-8
34EE9E10BF4CE2A94A4655A0F8802614,40999,35112,3gnet,013478,220.206.165.138,116.79.216.163,2015-08-17 23:17:31.434235,2015-08-17 23:17:32.193850,0,1112,1168,1,10.160.123.158,53675,202.108.23.29,80,0,http://pan.baidu.com/api/image/getuinfo?clienttype=1&channel=iPhone%20OS_7.1.2_iPhone%205_chunlei_1099a_3g&devuid=10e3c2d67588b8f614cd6cde0b8faae1ae4b32c8&cuid=10e3c2d67588b8f614cd6cde0b8faae1ae4b32c8&version=6.6.0&logid=MjAxNTA4MTcyMzE3MzE1NDIsMGY2MDcyNjRmYzYzMThhOTJiOWUxM2M2NWRiN2NkM2MsMjY0NQ==,netdisk;6.6.0;iPhone 5;ios-iphone;7.1.2;zh_CN,
D188137CB64193A1C21D11DBA220988D,41214,23711,3gnet,357351,220.206.128.144,116.79.216.164,2015-08-17 23:09:23.233180,2015-08-17 23:09:34.633654,11,1685,779,1,10.166.52.122,60991,58.251.61.174,80,0,,,
76249CBF9EE9A01E10B827DCC0E3F5C8,41026,5421,3gnet.mnc001.mcc460.gprs,358365,116.79.243.146,116.79.216.163,2015-08-17 23:14:14.864389,2015-08-17 23:14:14.864389,0,40,0,1,10.160.159.210,62187,17.172.232.140,5223,0,,,
4B44B960F5E779D1929B3679D5E4D390,41039,12012,3gnet.mnc001.mcc460.gprs,868017,220.206.128.154,116.79.216.162,2015-08-17 23:14:13.572764,2015-08-17 23:14:16.332885,2,784,4653,1,10.163.93.175,40855,163.177.76.88,80,200,http://mmsns.qpic.cn/mmsns/hqDXUD6csU8iaMSibaMa6ZdKGM379rChgTrBNp5ZEYwEQOpuhTvcLkFwSGjskdXxngL0FJaKADvSE/150?tp=webp,Dalvik/2.1.0 (Linux; U; Android 5.1; m2 note Build/LMY47D),image/webp
4B44B960F5E779D1929B3679D5E4D390,41039,12012,3gnet.mnc001.mcc460.gprs,868017,220.206.128.154,116.79.216.162,2015-08-17 23:14:13.912832,2015-08-17 23:14:16.332887,2,1672,7108,1,10.163.93.175,54329,112.90.74.149,80,200,http://szextshort.weixin.qq.com/cgi-bin/micromsg-bin/mmsnstimeline,MicroMessenger Client,application/octet-stream
4B44B960F5E779D1929B3679D5E4D390,41039,12012,3gnet.mnc001.mcc460.gprs,868017,220.206.128.154,116.79.216.162,2015-08-17 23:14:17.872885,2015-08-17 23:14:21.158426,3,700,264,1,10.163.93.175,44039,112.90.74.148,8080,0,,,
573A2B3BEA245C0C4FE1EE48C5E99130,41011,3911,3gnet,354438,116.79.243.8,116.79.216.162,2015-08-17 23:14:20.346326,2015-08-17 23:14:20.353927,0,1032,1732,1,10.161.103.165,59960,210.21.196.6,53,0,www.apple.com,,
573A2B3BEA245C0C4FE1EE48C5E99130,41011,3911,3gnet,354438,116.79.243.8,116.79.216.162,2015-08-17 23:14:20.346370,2015-08-17 23:14:20.472607,0,208,120,1,10.161.103.165,63811,140.207.135.108,443,0,,,
4B44B960F5E779D1929B3679D5E4D390,41039,12012,3gnet.mnc001.mcc460.gprs,868017,220.206.128.154,116.79.216.162,2015-08-17 23:14:05.640705,2015-08-17 23:14:20.652935,15,216,112,1,10.163.93.175,33330,163.177.84.147,443,0,,,
2BC821EC45610E51E3B1165D1F10AB62,41009,50622,3gnet,866769,220.206.165.103,116.79.216.164,2015-08-17 23:14:21.946389,2015-08-17 23:14:22.065159,0,106,54,1,10.164.241.197,47169,163.177.83.176,8080,0,,,
8A0592DF2F83EED34EC1424CBF20D69B,40984,27021,3gnet,352066,220.206.165.69,116.79.216.164,2015-08-17 23:14:22.032033,2015-08-17 23:14:32.446163,0,180,352,1,10.160.174.36,62627,210.21.196.6,53,0,safe.ucweb.com,,
8A0592DF2F83EED34EC1424CBF20D69B,40984,27021,3gnet,352066,220.206.165.69,116.79.216.164,2015-08-17 23:14:22.024061,2015-08-17 23:14:22.217434,0,553,438,1,10.160.174.36,49796,122.13.85.14,80,0,http://vs4.gzcu.u3.ucweb.com:80/,UC%E6%B5%8F%E8%A7%88%E5%99%A8/10.6.5.627 CFNetwork/711.5.6 Darwin/14.0.0,
8A0592DF2F83EED34EC1424CBF20D69B,40984,27021,3gnet,352066,220.206.165.69,116.79.216.164,2015-08-17 23:14:22.026046,2015-08-17 23:14:22.277219,0,1532,434,1,10.160.174.36,49797,221.5.10.193,9081,200,http://applog.uc.cn:9081/collect?app=05113a2ec0da&ver=10.6.5.627&fr=iphone&uuid=24525753081-c353fbda&vno=3663&zip=gzip&enc=m9&chk=fb01c8aa,UC%E6%B5%8F%E8%A7%88%E5%99%A8/10.6.5.627 CFNetwork/711.5.6 Darwin/14.0.0,application/x-www-form-urlencoded
8A0592DF2F83EED34EC1424CBF20D69B,40984,27021,3gnet,352066,220.206.165.69,116.79.216.164,2015-08-17 23:14:22.119990,2015-08-17 23:14:22.325029,0,1785,425,1,10.160.174.36,49799,221.5.2.67,80,0,http://safe.ucweb.com/?dataver=pb,Mozilla/5.0 (iPhone; CPU iPhone OS 8_4_1 like Mac OS X; zh-CN) AppleWebKit/537.51.1 (KHTML, like Gecko) Mobile/12H321 UCBrowser/10.6.5.627 Mobile,text/html
DA900ADABD01FEF0BFC689FE179DB1C0,4302,35485,3gnet,354438,220.206.165.182,116.79.216.163,2015-08-17 23:14:20.841789,2015-08-17 23:14:22.406774,1,1081,4841,2,10.161.206.172,50544,17.167.194.149,443,0,,,
8A0592DF2F83EED34EC1424CBF20D69B,40984,27021,3gnet,352066,220.206.165.69,116.79.216.164,2015-08-17 23:14:22.732026,2015-08-17 23:14:22.988149,0,272,168,1,10.160.174.36,49800,122.13.85.14,80,0,,,
2BC821EC45610E51E3B1165D1F10AB62,41009,50622,3gnet,866769,220.206.165.103,116.79.216.164,2015-08-17 23:14:23.585280,2015-08-17 23:14:23.588795,0,65,130,1,10.164.241.197,19608,210.21.196.6,53,0,mobilegw.alipay.com,,
2BC821EC45610E51E3B1165D1F10AB62,41009,50622,3gnet,866769,220.206.165.103,116.79.216.164,2015-08-17 23:14:23.477176,2015-08-17 23:14:23.735030,0,630,1132,1,10.164.241.197,48411,124.161.24.171,8080,200,http://dns.weixin.qq.com/cgi-bin/micromsg-bin/newgetdns?uin=1389201921&clientversion=637666355&scene=0&net=2&md5=ad82b912c982c2b1006bd41c0375fe5c&devicetype=android-21&lan=zh_CN&sigver=1,MicroMessenger Client,
2BC821EC45610E51E3B1165D1F10AB62,41009,50622,3gnet,866769,220.206.165.103,116.79.216.164,2015-08-17 23:14:23.786441,2015-08-17 23:14:23.956245,0,888,497,1,10.164.241.197,33840,220.249.243.39,80,200,http://szminorshort.weixin.qq.com/cgi-bin/micromsg-bin/reportkvcomm,MicroMessenger Client,application/octet-stream
8A0592DF2F83EED34EC1424CBF20D69B,40984,27021,3gnet,352066,220.206.165.69,116.79.216.164,2015-08-17 23:14:22.030011,2015-08-17 23:14:24.060132,2,1074,623,1,10.160.174.36,49798,140.205.162.6,80,200,http://api.m.taobao.com/gw/mtop.common.getTimestamp/*/?rnd=E2222816705B3B4C02AD0D0275EC022C&data=%7B%7D,MTOPSDK/1.2.0 (iPhone OS;8.4.1;Apple;iPhone),application/json;charset=UTF-8
2BC821EC45610E51E3B1165D1F10AB62,41009,50622,3gnet,866769,220.206.165.103,116.79.216.164,2015-08-17 23:14:24.816404,2015-08-17 23:14:25.024253,0,869,1875,1,10.164.241.197,57635,58.251.61.175,80,200,http://szextshort.weixin.qq.com/cgi-bin/micromsg-bin/mmsnssync,MicroMessenger Client,application/octet-stream
8A0592DF2F83EED34EC1424CBF20D69B,40984,27021,3gnet,352066,220.206.165.69,116.79.216.164,2015-08-17 23:14:24.956189,2015-08-17 23:14:25.212271,0,272,168,1,10.160.174.36,49801,122.13.85.14,80,0,,,
DA900ADABD01FEF0BFC689FE179DB1C0,4302,35485,3gnet,354438,220.206.165.182,116.79.216.163,2015-08-17 23:14:22.016668,2015-08-17 23:14:25.356824,3,1648,5269,2,10.161.206.172,50545,17.167.194.149,443,0,,,
644A30A8B3C7AF76CCE2D5F284CF1737,41077,19931,3GNET,355939,220.206.128.195,116.79.216.164,2015-08-17 23:02:29.604907,2015-08-17 23:09:45.850448,436,2678,9054,1,10.164.22.253,49239,111.221.29.105,443,0,,,
CD24BEE5684289F14C7C0DD13B7C6CB2,41025,57111,3gnet,356984,220.206.165.98,116.79.216.164,2015-08-17 23:14:27.280834,2015-08-17 23:14:27.280834,0,174,0,1,10.162.172.158,59425,17.110.229.148,5223,0,,,
8A0592DF2F83EED34EC1424CBF20D69B,40984,27021,3gnet,352066,220.206.165.69,116.79.216.164,2015-08-17 23:14:27.314230,2015-08-17 23:14:27.470108,0,272,168,1,10.160.174.36,49802,122.13.85.14,80,0,,,
4B44B960F5E779D1929B3679D5E4D390,41039,12012,3gnet.mnc001.mcc460.gprs,868017,220.206.128.154,116.79.216.162,2015-08-17 23:14:27.613345,2015-08-17 23:14:27.613345,0,40,0,1,10.163.93.175,37675,123.126.42.248,4828,0,,,
7E61B0E543241D343391EE46587C727D,41078,15611,3gnet,863296,220.206.128.155,116.79.216.162,2015-08-17 23:07:23.484614,2015-08-17 23:09:48.386383,144,646,931,1,10.162.156.112,38321,163.177.71.152,10010,0,,,
DA900ADABD01FEF0BFC689FE179DB1C0,4302,35485,3gnet,354438,220.206.165.182,116.79.216.163,2015-08-17 23:14:28.795932,2015-08-17 23:14:28.795932,0,40,0,2,10.161.206.172,50478,17.167.194.148,443,0,,,
DA900ADABD01FEF0BFC689FE179DB1C0,4302,35485,3gnet,354438,220.206.165.182,116.79.216.163,2015-08-17 23:14:27.587953,2015-08-17 23:14:29.190925,1,1081,4881,2,10.161.206.172,50546,17.167.194.149,443,0,,,
8A0592DF2F83EED34EC1424CBF20D69B,40984,27021,3gnet,352066,220.206.165.69,116.79.216.164,2015-08-17 23:14:21.728735,2015-08-17 23:14:51.316826,82,81951,292293,1,10.160.174.36,49803,122.13.85.14,80,0,http://vs4.gzcu.u3.ucweb.com/?ucid=1411-24525753081-e407aab6,,application/octet-stream
E7C4094323D5C83388BC6CEFBBF9322E,4304,40758,3gnet,864399,220.206.165.128,116.79.216.163,2015-08-17 23:14:29.285337,2015-08-17 23:14:29.285337,0,40,0,2,10.161.83.37,39491,118.194.56.61,443,0,,,
7C77330D0D448D7BA64746B6C0553642,1058,38745,3gnet,860365,220.206.128.64,116.79.216.163,2015-08-17 23:14:29.742136,2015-08-17 23:14:45.237475,76,7582,12445,2,10.160.204.88,58659,221.5.88.88,53,0,resolver.gslb.mi-idc.com,,
8A0592DF2F83EED34EC1424CBF20D69B,40984,27021,3gnet,352066,220.206.165.69,116.79.216.164,2015-08-17 23:14:29.646318,2015-08-17 23:14:29.898376,0,272,168,1,10.160.174.36,49804,122.13.85.14,80,0,,,
7C77330D0D448D7BA64746B6C0553642,1058,38745,3gnet,860365,220.206.128.64,116.79.216.163,2015-08-17 23:14:40.302277,2015-08-17 23:14:40.302277,0,146,0,2,10.160.204.88,0,8.8.8.8,0,0,,,
E7C4094323D5C83388BC6CEFBBF9322E,4304,40758,3gnet,864399,220.206.165.128,116.79.216.163,2015-08-17 23:14:08.803872,2015-08-17 23:14:30.365153,21,1204,256,2,10.161.83.37,46876,163.177.67.144,80,0,,,
7C77330D0D448D7BA64746B6C0553642,1058,38745,3gnet,860365,220.206.128.64,116.79.216.163,2015-08-17 23:14:40.622058,2015-08-17 23:14:40.622058,0,146,0,2,10.160.204.88,0,210.21.196.6,0,0,,,
7C77330D0D448D7BA64746B6C0553642,1058,38745,3gnet,860365,220.206.128.64,116.79.216.163,2015-08-17 23:14:31.687212,2015-08-17 23:14:31.941767,0,240,0,2,10.160.204.88,48871,183.61.49.178,80,0,,,
8A0592DF2F83EED34EC1424CBF20D69B,40984,27021,3gnet,352066,220.206.165.69,116.79.216.164,2015-08-17 23:14:31.562459,2015-08-17 23:14:31.845204,0,1950,2155,1,10.160.174.36,49840,140.205.164.32,80,200,http://m.simba.taobao.com/?name=itemjump&o=j&pid=tt_15890324_8176878_30034679&st_type=15_18&templetId=10433&url=http%3A%2F%2Fent.sina.cn%2Fstar%2Ftv%2F2015-08-17%2Fdetail-ifxfxray5620741.d.html%3Fvt%3D4%26pos%3D108%26wm%3D4007&iswt=1&refpid=tt_15890324_8176878_30034679&refpos=%2Cn%2Ci&adx_type=0&pvid=0a624c38000255d1fa55571d03e4cbb0_0&ps_id=eb6e91a194e6af22ae1889b5e5599314&fl=9&imei=605E7A2E-4FE9-47E2-8326-B2E7BF6EBF93&tanxdspv=http%3A%2F%2Frdstat.tanx.com%2Ftrd%3Ff%3D%26k%3Da09e279ad7f7a12a%26p%3Dmm_15890324_8176878_30034679%26pvid%3D0a624c38000255d1fa55571d03e4cbb0%26s%3D280x230%26d%3D17534123%26t%3D1439824469&count=1&p4p=jsonp0idg2bb36,Mozilla/5.0 (iPhone; CPU iPhone OS 8_4_1 like Mac OS X; zh-CN) AppleWebKit/537.51.1 (KHTML, like Gecko) Mobile/12H321 UCBrowser/10.6.5.627 Mobile,text/html; charset=GBK
8A0592DF2F83EED34EC1424CBF20D69B,40984,27021,3gnet,352066,220.206.165.69,116.79.216.164,2015-08-17 23:14:31.612415,2015-08-17 23:14:31.861330,0,764,428,1,10.160.174.36,49842,110.75.10.3,80,200,http://dsp.simba.taobao.com/feedback?bid=0a624c38000255d1fa55571d03e4cbb0&v=1&e=6&p=AQpiTDgAAlXR%2BlVXHQPky7C8nNFCRFezMA%3D%3D,Mozilla/5.0 (iPhone; CPU iPhone OS 8_4_1 like Mac OS X; zh-CN) AppleWebKit/537.51.1 (KHTML, like Gecko) Mobile/12H321 UCBrowser/10.6.5.627 Mobile,text/plain; charset=GBK
8A0592DF2F83EED34EC1424CBF20D69B,40984,27021,3gnet,352066,220.206.165.69,116.79.216.164,2015-08-17 23:14:31.628260,2015-08-17 23:14:31.870750,0,764,428,1,10.160.174.36,49843,110.75.10.3,80,200,http://dsp.simba.taobao.com/feedback?bid=0a62480a000255d1fa5565ec03d6baf5&v=1&e=6&p=AQpiSAoAAlXR%2BlVl7APWuvUpbVP9q9ynxQ%3D%3D,Mozilla/5.0 (iPhone; CPU iPhone OS 8_4_1 like Mac OS X; zh-CN) AppleWebKit/537.51.1 (KHTML, like Gecko) Mobile/12H321 UCBrowser/10.6.5.627 Mobile,text/plain; charset=GBK
8A0592DF2F83EED34EC1424CBF20D69B,40984,27021,3gnet,352066,220.206.165.69,116.79.216.164,2015-08-17 23:14:31.596580,2015-08-17 23:14:31.898402,0,1975,5082,1,10.160.174.36,49841,140.205.164.32,80,200,http://m.simba.taobao.com/?name=itemjump&o=j&pid=tt_15890324_8176878_28006157&templetId=10630&url=http%3A%2F%2Fent.sina.cn%2Fstar%2Ftv%2F2015-08-17%2Fdetail-ifxfxray5620741.d.html%3Fvt%3D4%26pos%3D108%26wm%3D4007&iswt=1&refpid=tt_15890324_8176878_28006157&refpos=%2Cn%2Ci&adx_type=0&pvid=0a62480a000255d1fa5565ec03d6baf5_0&ps_id=eb6e91a194e6af22ae1889b5e5599314&fl=8&imei=605E7A2E-4FE9-47E2-8326-B2E7BF6EBF93&tanxdspv=http%3A%2F%2Frdstat.tanx.com%2Ftrd%3Ff%3D%26k%3Da09e279ad7f7a12a%26p%3Dmm_15890324_8176878_28006157%26pvid%3D0a62480a000255d1fa5565ec03d6baf5%26s%3D300x110%26d%3D17534123%26t%3D1439824469&count=9&p4p=jsonp0idg2bbe3,Mozilla/5.0 (iPhone; CPU iPhone OS 8_4_1 like Mac OS X; zh-CN) AppleWebKit/537.51.1 (KHTML, like Gecko) Mobile/12H321 UCBrowser/10.6.5.627 Mobile,text/html; charset=GBK
644A3331F6DF3C76E02CD9523A43B292,41087,49711,3gnet,355799,220.206.165.35,116.79.216.164,2015-08-17 23:14:31.901307,2015-08-17 23:14:32.392314,0,180,0,1,10.161.122.124,56712,106.3.74.131,9001,0,,,
DA900ADABD01FEF0BFC689FE179DB1C0,4302,35485,3gnet,354438,220.206.165.182,116.79.216.163,2015-08-17 23:14:28.815923,2015-08-17 23:14:32.033559,3,1690,5231,2,10.161.206.172,50547,17.167.194.149,443,0,,,
4B44B960F5E779D1929B3679D5E4D390,41039,12012,3gnet.mnc001.mcc460.gprs,868017,220.206.128.154,116.79.216.162,2015-08-17 23:14:32.373419,2015-08-17 23:14:32.373419,0,40,0,1,10.163.93.175,53354,123.126.42.42,4828,0,,,
644A3331F6DF3C76E02CD9523A43B292,41087,49711,3gnet,355799,220.206.165.35,116.79.216.164,2015-08-17 23:14:32.612392,2015-08-17 23:14:32.612392,0,60,0,1,10.161.122.124,46489,106.3.74.131,9001,0,,,
644A3331F6DF3C76E02CD9523A43B292,41087,49711,3gnet,355799,220.206.165.35,116.79.216.164,2015-08-17 23:14:32.772358,2015-08-17 23:14:32.772358,0,60,0,1,10.161.122.124,36519,106.3.74.131,9001,0,,,
644A3331F6DF3C76E02CD9523A43B292,41087,49711,3gnet,355799,220.206.165.35,116.79.216.164,2015-08-17 23:14:32.942362,2015-08-17 23:14:32.942362,0,60,0,1,10.161.122.124,42469,106.3.74.131,9001,0,,,
644A3331F6DF3C76E02CD9523A43B292,41087,49711,3gnet,355799,220.206.165.35,116.79.216.164,2015-08-17 23:14:33.102377,2015-08-17 23:14:33.102377,0,60,0,1,10.161.122.124,55448,106.3.74.131,9001,0,,,
644A3331F6DF3C76E02CD9523A43B292,41087,49711,3gnet,355799,220.206.165.35,116.79.216.164,2015-08-17 23:14:33.272359,2015-08-17 23:14:34.682422,1,120,0,1,10.161.122.124,39874,106.3.74.131,9001,0,,,
D188137CB64193A1C21D11DBA220988D,41214,23711,3gnet,357351,220.206.128.144,116.79.216.164,2015-08-17 23:09:53.334662,2015-08-17 23:09:53.387575,0,392,104,1,10.166.52.122,35666,111.206.240.244,53,0,,,
8A0592DF2F83EED34EC1424CBF20D69B,40984,27021,3gnet,352066,220.206.165.69,116.79.216.164,2015-08-17 23:14:32.512630,2015-08-17 23:14:33.394415,0,2045,45277,1,10.160.174.36,49855,60.215.128.202,80,200,http://i0.sinaimg.cn/ent/s/m/2014-09-01/U8551P28T3D4201956F328DT20140901142114.jpg,Mozilla/5.0 (iPhone; CPU iPhone OS 8_4_1 like Mac OS X; zh-CN) AppleWebKit/537.51.1 (KHTML, like Gecko) Mobile/12H321 UCBrowser/10.6.5.627 Mobile,image/jpeg
8A0592DF2F83EED34EC1424CBF20D69B,40984,27021,3gnet,352066,220.206.165.69,116.79.216.164,2015-08-17 23:14:32.788596,2015-08-17 23:14:33.408373,0,220,112,1,10.160.174.36,49859,60.215.128.202,80,0,,,
8A0592DF2F83EED34EC1424CBF20D69B,40984,27021,3gnet,352066,220.206.165.69,116.79.216.164,2015-08-17 23:14:32.424442,2015-08-17 23:14:33.436464,1,6632,171773,1,10.160.174.36,49854,60.215.128.202,80,200,http://www.sinaimg.cn/dy/slidenews/4_img/2015_34/704_1710613_886711.jpg,Mozilla/5.0 (iPhone; CPU iPhone OS 8_4_1 like Mac OS X; zh-CN) AppleWebKit/537.51.1 (KHTML, like Gecko) Mobile/12H321 UCBrowser/10.6.5.627 Mobile,image/jpeg
7C77330D0D448D7BA64746B6C0553642,1058,38745,3gnet,860365,220.206.128.64,116.79.216.163,2015-08-17 23:14:34.062352,2015-08-17 23:14:34.062352,0,747,0,2,10.160.204.88,34056,112.80.255.36,80,0,,,
8A0592DF2F83EED34EC1424CBF20D69B,40984,27021,3gnet,352066,220.206.165.69,116.79.216.164,2015-08-17 23:14:32.376420,2015-08-17 23:14:34.684382,2,530,525,1,10.160.174.36,49850,163.177.128.231,80,200,http://client.tv.uc.cn/ios/ts,UC%E6%B5%8F%E8%A7%88%E5%99%A8/10.6.5.627 CFNetwork/711.5.6 Darwin/14.0.0,text/html
8A0592DF2F83EED34EC1424CBF20D69B,40984,27021,3gnet,352066,220.206.165.69,116.79.216.164,2015-08-17 23:14:34.508424,2015-08-17 23:14:34.764412,0,272,168,1,10.160.174.36,49870,122.13.85.14,80,0,,,
E703FE8A9FCA7B870154456B2D9ABFDE,41082,12821,3gnet,354376,220.206.165.232,116.79.216.162,2015-08-17 23:14:34.836612,2015-08-17 23:14:34.838184,0,142,570,1,10.165.195.181,54484,210.21.196.6,53,0,48-courier.push.apple.com,,
2BC821EC45610E51E3B1165D1F10AB62,41009,50622,3gnet,866769,220.206.165.103,116.79.216.164,2015-08-17 23:14:35.175567,2015-08-17 23:14:37.044544,1,854,8670,1,10.164.241.197,56676,163.177.71.147,443,0,,,
DA900ADABD01FEF0BFC689FE179DB1C0,4302,35485,3gnet,354438,220.206.165.182,116.79.216.163,2015-08-17 23:14:33.981066,2015-08-17 23:14:35.562200,1,1081,4881,2,10.161.206.172,50548,17.167.194.149,443,0,,,
E703FE8A9FCA7B870154456B2D9ABFDE,41082,12821,3gnet,354376,220.206.165.232,116.79.216.162,2015-08-17 23:14:35.215628,2015-08-17 23:14:35.701656,0,104,60,1,10.165.195.181,56042,17.143.162.98,5223,0,,,
7C77330D0D448D7BA64746B6C0553642,1058,38745,3gnet,860365,220.206.128.64,116.79.216.163,2015-08-17 23:14:35.706469,2015-08-17 23:14:36.141846,0,180,0,2,10.160.204.88,35470,123.151.148.66,8080,0,,,
7C77330D0D448D7BA64746B6C0553642,1058,38745,3gnet,860365,220.206.128.64,116.79.216.163,2015-08-17 23:14:35.925863,2015-08-17 23:14:35.925863,0,179,0,2,10.160.204.88,59302,58.68.235.232,5222,0,,,
7C77330D0D448D7BA64746B6C0553642,1058,38745,3gnet,860365,220.206.128.64,116.79.216.163,2015-08-17 23:14:30.505443,2015-08-17 23:14:36.282263,5,156,0,2,10.160.204.88,34733,123.129.202.151,80,0,,,
8A0592DF2F83EED34EC1424CBF20D69B,40984,27021,3gnet,352066,220.206.165.69,116.79.216.164,2015-08-17 23:14:36.866484,2015-08-17 23:14:37.022498,0,272,168,1,10.160.174.36,49871,122.13.85.14,80,0,,,
7C77330D0D448D7BA64746B6C0553642,1058,38745,3gnet,860365,220.206.128.64,116.79.216.163,2015-08-17 23:14:37.402158,2015-08-17 23:14:37.937438,0,120,60,2,10.160.204.88,42468,103.7.31.157,443,0,,,
573A2B3BEA245C0C4FE1EE48C5E99130,41011,3911,3gnet,354438,116.79.243.8,116.79.216.162,2015-08-17 23:14:36.701492,2015-08-17 23:14:37.694064,0,842,616,1,10.161.103.165,63824,140.206.160.213,80,200,http://short.weixin.qq.com/cgi-bin/micromsg-bin/mmsnstimeline,MicroMessenger Client,application/octet-stream
7C77330D0D448D7BA64746B6C0553642,1058,38745,3gnet,860365,220.206.128.64,116.79.216.163,2015-08-17 23:14:37.705988,2015-08-17 23:14:37.862112,0,120,0,2,10.160.204.88,35474,123.151.148.66,8080,0,,,
4B44B960F5E779D1929B3679D5E4D390,41039,12012,3gnet.mnc001.mcc460.gprs,868017,220.206.128.154,116.79.216.162,2015-08-17 23:14:20.952921,2015-08-17 23:14:37.933608,16,3518,63782,1,10.163.93.175,54330,112.90.74.149,80,200,http://szshort.weixin.qq.com/cgi-bin/micromsg-bin/getchatroommemberdetail,MicroMessenger Client,application/octet-stream
4B44B960F5E779D1929B3679D5E4D390,41039,12012,3gnet.mnc001.mcc460.gprs,868017,220.206.128.154,116.79.216.162,2015-08-17 23:14:22.233014,2015-08-17 23:14:38.233662,16,1844,12083,1,10.163.93.175,54331,112.90.74.149,80,200,http://szextshort.weixin.qq.com/cgi-bin/micromsg-bin/batchgetheadimg,MicroMessenger Client,application/octet-stream
7C77330D0D448D7BA64746B6C0553642,1058,38745,3gnet,860365,220.206.128.64,116.79.216.163,2015-08-17 23:14:29.785598,2015-08-17 23:14:38.545970,8,212,0,2,10.160.204.88,46984,112.90.74.148,443,0,,,
7C77330D0D448D7BA64746B6C0553642,1058,38745,3gnet,860365,220.206.128.64,116.79.216.163,2015-08-17 23:14:29.845449,2015-08-17 23:14:38.586192,8,180,60,2,10.160.204.88,58739,112.80.255.36,80,0,,,
7C77330D0D448D7BA64746B6C0553642,1058,38745,3gnet,860365,220.206.128.64,116.79.216.163,2015-08-17 23:14:29.881359,2015-08-17 23:14:38.786163,8,300,180,2,10.160.204.88,34577,125.39.247.171,443,0,,,
DB0E9E6EEBDEB7FD2EDA1A3DB856CC71,41012,48716,3GNET,862663,220.206.165.51,116.79.216.162,2015-08-17 23:14:39.016347,2015-08-17 23:14:39.016347,0,60,0,1,10.160.224.71,53978,74.125.68.188,5228,0,,,
4B44B960F5E779D1929B3679D5E4D390,41039,12012,3gnet.mnc001.mcc460.gprs,868017,220.206.128.154,116.79.216.162,2015-08-17 23:14:31.233470,2015-08-17 23:14:39.033787,7,340,240,1,10.163.93.175,60341,163.177.89.181,80,0,,,
7C77330D0D448D7BA64746B6C0553642,1058,38745,3gnet,860365,220.206.128.64,116.79.216.163,2015-08-17 23:14:30.222174,2015-08-17 23:14:39.122084,8,300,180,2,10.160.204.88,52115,124.160.175.165,8080,0,,,
7C77330D0D448D7BA64746B6C0553642,1058,38745,3gnet,860365,220.206.128.64,116.79.216.163,2015-08-17 23:14:31.687369,2015-08-17 23:14:39.126509,7,320,120,2,10.160.204.88,60559,183.61.49.178,8080,0,,,
DA900ADABD01FEF0BFC689FE179DB1C0,4302,35485,3gnet,354438,220.206.165.182,116.79.216.163,2015-08-17 23:14:35.184178,2015-08-17 23:14:39.315325,4,1650,5311,2,10.161.206.172,50549,17.167.194.149,443,0,,,
4B44B960F5E779D1929B3679D5E4D390,41039,12012,3gnet.mnc001.mcc460.gprs,868017,220.206.128.154,116.79.216.162,2015-08-17 23:14:26.232971,2015-08-17 23:14:39.353618,13,1161,1843,1,10.163.93.175,54332,112.90.74.149,80,200,http://szextshort.weixin.qq.com/cgi-bin/micromsg-bin/mmsnsobjectdetail,MicroMessenger Client,application/octet-stream
8A0592DF2F83EED34EC1424CBF20D69B,40984,27021,3gnet,352066,220.206.165.69,116.79.216.164,2015-08-17 23:14:39.212648,2015-08-17 23:14:39.468538,0,272,168,1,10.160.174.36,49873,122.13.85.14,80,0,,,
4B44B960F5E779D1929B3679D5E4D390,41039,12012,3gnet.mnc001.mcc460.gprs,868017,220.206.128.154,116.79.216.162,2015-08-17 23:14:08.306770,2015-08-17 23:14:39.513636,31,1189,22038,1,10.163.93.175,57963,163.177.153.64,80,200,http://mmbiz.qpic.cn/mmbiz/a7n4Nnkk1XXfdp6VUjcAjrxcc5bCMCY7Fpicjtyqj9SLwMIOD8xSuc3y5ylI4AQI1egzH1HUUDWfVrqMNvjibK3w/640?wxtype=jpeg&wxfrom=0,Dalvik/2.1.0 (Linux; U; Android 5.1; m2 note Build/LMY47D),image/jpeg
4B44B960F5E779D1929B3679D5E4D390,41039,12012,3gnet.mnc001.mcc460.gprs,868017,220.206.128.154,116.79.216.162,2015-08-17 23:14:33.653515,2015-08-17 23:14:39.593694,5,1080,1715,1,10.163.93.175,54334,112.90.74.149,80,200,http://szextshort.weixin.qq.com/cgi-bin/micromsg-bin/mmsnscomment,MicroMessenger Client,application/octet-stream
7C77330D0D448D7BA64746B6C0553642,1058,38745,3gnet,860365,220.206.128.64,116.79.216.163,2015-08-17 23:14:32.502011,2015-08-17 23:14:39.682349,7,320,120,2,10.160.204.88,59654,14.17.52.136,8080,0,,,
7C77330D0D448D7BA64746B6C0553642,1058,38745,3gnet,860365,220.206.128.64,116.79.216.163,2015-08-17 23:14:32.037599,2015-08-17 23:14:39.682349,7,400,240,2,10.160.204.88,45727,183.232.103.180,8080,0,,,
2BC821EC45610E51E3B1165D1F10AB62,41009,50622,3gnet,866769,220.206.165.103,116.79.216.164,2015-08-17 23:14:24.757191,2015-08-17 23:14:40.426714,15,662,2400,1,10.164.241.197,56853,112.90.83.48,80,200,http://wx.qlogo.cn/mmhead/ver_1/45SHpaaVZ5mGbCFOqqxOhTZpcy3gm9uhFkYOdEuEXjqBdWNb2H1VvcenDkIHHmRukpf65yCiboVia1OJ1uoliariabVfADQHEiaxKd4sHViblV33Y/96,Dalvik/2.1.0 (Linux; U; Android 5.0.2; NX511J Build/LRX22G),image/jpeg
7C77330D0D448D7BA64746B6C0553642,1058,38745,3gnet,860365,220.206.128.64,116.79.216.163,2015-08-17 23:14:33.117868,2015-08-17 23:14:40.702173,7,400,300,2,10.160.204.88,47048,183.232.103.180,443,0,,,
4B44B960F5E779D1929B3679D5E4D390,41039,12012,3gnet.mnc001.mcc460.gprs,868017,220.206.128.154,116.79.216.162,2015-08-17 23:14:33.473472,2015-08-17 23:14:40.853772,7,1141,1258,1,10.163.93.175,42728,202.108.7.133,80,200,http://api.weibo.cn/2/remind/unread_count?remind_version=125&ext_all=0&c=android&i=ffb4b6c&s=60e40256&ua=Meizu-m2%20note__weibo__5.1.0__android__android5.1&wm=19005_0019&idc=&v_f=2&from=1051095014&gsid=_2A2541ca9DeTxGeRP6VEQ9i7Lwj-IHXVZw111rDV6PUJbrdAKLXnAkWoe_ZNJouzBtcb-z5qIpukVbvAEoQ..&lang=zh_CN&skin=default&oldwm=19005_0019&with_settings=1&unread_message=1&with_page_group=1,m2 note_5.1_weibo_5.1.0_android,application/json;charset=UTF-8
4B44B960F5E779D1929B3679D5E4D390,41039,12012,3gnet.mnc001.mcc460.gprs,868017,220.206.128.154,116.79.216.162,2015-08-17 23:14:36.193678,2015-08-17 23:14:40.913798,4,924,6908,1,10.163.93.175,39129,163.177.76.88,80,200,http://mmsns.qpic.cn/mmsns/1gvL9ficRs1HPxqvextMazAZWmiatCdHIb2TcY56YsibiaTMSQ0UgeoWyRFQIGCqUUcGuE4SsWFfwWA/0?tp=webp,Dalvik/2.1.0 (Linux; U; Android 5.1; m2 note Build/LMY47D),image/jpeg
F54A0F72062408EDC2DBC4B2A8342383,41213,42411,3GNET,013137,220.206.128.75,116.79.216.164,2015-08-17 23:14:41.003102,2015-08-17 23:14:41.003102,0,174,0,1,10.163.163.227,57944,17.110.225.204,5223,0,,,
7C77330D0D448D7BA64746B6C0553642,1058,38745,3gnet,860365,220.206.128.64,116.79.216.163,2015-08-17 23:14:35.322069,2015-08-17 23:14:41.563291,6,400,240,2,10.160.204.88,34672,58.68.235.232,5222,0,,,
8A0592DF2F83EED34EC1424CBF20D69B,40984,27021,3gnet,352066,220.206.165.69,116.79.216.164,2015-08-17 23:14:41.576651,2015-08-17 23:14:41.732612,0,272,168,1,10.160.174.36,49874,122.13.85.14,80,0,,,
7C77330D0D448D7BA64746B6C0553642,1058,38745,3gnet,860365,220.206.128.64,116.79.216.163,2015-08-17 23:14:35.446211,2015-08-17 23:14:41.922488,6,300,180,2,10.160.204.88,42464,103.7.31.157,443,0,,,
D188137CB64193A1C21D11DBA220988D,41214,23711,3gnet,357351,220.206.128.144,116.79.216.164,2015-08-17 23:09:56.357805,2015-08-17 23:10:03.117892,6,544,554,1,10.166.52.122,42772,163.177.83.176,14000,0,,,
7C77330D0D448D7BA64746B6C0553642,1058,38745,3gnet,860365,220.206.128.64,116.79.216.163,2015-08-17 23:14:36.646895,2015-08-17 23:14:43.702433,7,200,120,2,10.160.204.88,36834,124.160.175.165,80,0,,,
7C77330D0D448D7BA64746B6C0553642,1058,38745,3gnet,860365,220.206.128.64,116.79.216.163,2015-08-17 23:14:36.426019,2015-08-17 23:14:43.702392,7,200,120,2,10.160.204.88,54630,125.39.247.171,8080,0,,,
CD24BEE5684289F14C7C0DD13B7C6CB2,41025,57111,3gnet,356984,220.206.165.98,116.79.216.164,2015-08-17 23:14:44.652434,2015-08-17 23:14:44.655696,0,71,285,1,10.162.172.158,62425,210.21.196.6,53,0,11-courier.push.apple.com,,
8A0592DF2F83EED34EC1424CBF20D69B,40984,27021,3gnet,352066,220.206.165.69,116.79.216.164,2015-08-17 23:14:45.030794,2015-08-17 23:14:45.186963,0,272,168,1,10.160.174.36,49876,122.13.85.14,80,0,,,
CD24BEE5684289F14C7C0DD13B7C6CB2,41025,57111,3gnet,356984,220.206.165.98,116.79.216.164,2015-08-17 23:14:44.967343,2015-08-17 23:14:45.402334,0,104,60,1,10.162.172.158,59498,17.172.232.117,5223,0,,,
2BC821EC45610E51E3B1165D1F10AB62,41009,50622,3gnet,866769,220.206.165.103,116.79.216.164,2015-08-17 23:14:45.176910,2015-08-17 23:14:45.834969,0,1033,6532,1,10.164.241.197,57636,58.251.61.175,80,200,http://szextshort.weixin.qq.com/cgi-bin/micromsg-bin/mmsnstimeline,MicroMessenger Client,application/octet-stream
2BC821EC45610E51E3B1165D1F10AB62,41009,50622,3gnet,866769,220.206.165.103,116.79.216.164,2015-08-17 23:14:47.247918,2015-08-17 23:14:47.476937,0,751,4631,1,10.164.241.197,50365,163.177.76.88,80,200,http://mmsns.qpic.cn/mmsns/bibh3icSy0PKiaibLO2jmEbLEVMNciaQAKF3xoaJGpPJ4eva1QR6GaEzgT5JBaoNBZ5fQ4WKbtYdEB9c/150?tp=webp,Dalvik/2.1.0 (Linux; U; Android 5.0.2; NX511J Build/LRX22G),image/webp
2BC821EC45610E51E3B1165D1F10AB62,41009,50622,3gnet,866769,220.206.165.103,116.79.216.164,2015-08-17 23:14:47.256599,2015-08-17 23:14:47.476937,0,755,5175,1,10.164.241.197,42203,163.177.76.88,80,200,http://mmsns.qpic.cn/mmsns/bibh3icSy0PKiaibLO2jmEbLEcqy5Twhkz7TGIR67zAk42IadcicQicRicBTve2JSQl9cEicJq4icg3IgVbE/150?tp=webp,Dalvik/2.1.0 (Linux; U; Android 5.0.2; NX511J Build/LRX22G),image/webp
2BC821EC45610E51E3B1165D1F10AB62,41009,50622,3gnet,866769,220.206.165.103,116.79.216.164,2015-08-17 23:14:47.256599,2015-08-17 23:14:47.484956,0,792,5993,1,10.164.241.197,46158,163.177.76.88,80,200,http://mmsns.qpic.cn/mmsns/bibh3icSy0PKiaibLO2jmEbLEcqy5Twhkz7T9nmUuvzSyxlWdszAS13Zl8NibnxcdPviaxBQgaxwFYIas/150?tp=webp,Dalvik/2.1.0 (Linux; U; Android 5.0.2; NX511J Build/LRX22G),image/webp
2BC821EC45610E51E3B1165D1F10AB62,41009,50622,3gnet,866769,220.206.165.103,116.79.216.164,2015-08-17 23:14:47.747907,2015-08-17 23:14:47.966965,0,790,6429,1,10.164.241.197,59341,163.177.76.88,80,200,http://mmsns.qpic.cn/mmsns/bibh3icSy0PKiaibLO2jmEbLET4IrSDw5fDCu86B4NZ0fmDFuDCfpbGoa3jcLUk3lc1IzQk4ecsI1A8/150?tp=webp,Dalvik/2.1.0 (Linux; U; Android 5.0.2; NX511J Build/LRX22G),image/webp
2BC821EC45610E51E3B1165D1F10AB62,41009,50622,3gnet,866769,220.206.165.103,116.79.216.164,2015-08-17 23:14:47.755906,2015-08-17 23:14:47.986930,0,713,3426,1,10.164.241.197,60773,163.177.76.88,80,200,http://mmsns.qpic.cn/mmsns/bibh3icSy0PKiaibLO2jmEbLEVMNciaQAKF3xB0CtXVNrq07ttvfhT6ZFxGuITg5Sicr8zsia7xDIzCxag/150?tp=webp,Dalvik/2.1.0 (Linux; U; Android 5.0.2; NX511J Build/LRX22G),image/jpeg
2BC821EC45610E51E3B1165D1F10AB62,41009,50622,3gnet,866769,220.206.165.103,116.79.216.164,2015-08-17 23:14:47.755908,2015-08-17 23:14:47.986931,0,793,6395,1,10.164.241.197,60666,163.177.76.88,80,200,http://mmsns.qpic.cn/mmsns/bibh3icSy0PKiaibLO2jmEbLEVMNciaQAKF3xLuR45BphvpzicoPk5uXx4ZicQvZkcyyxwcOORBjLqAe54/150?tp=webp,Dalvik/2.1.0 (Linux; U; Android 5.0.2; NX511J Build/LRX22G),image/webp
2BC821EC45610E51E3B1165D1F10AB62,41009,50622,3gnet,866769,220.206.165.103,116.79.216.164,2015-08-17 23:14:48.237903,2015-08-17 23:14:48.457001,0,711,3925,1,10.164.241.197,60973,163.177.76.88,80,200,http://mmsns.qpic.cn/mmsns/bibh3icSy0PKiaibLO2jmEbLEVIYUguKQdfFu5eBUF7bHZs0RFamxTPVOKpImo2PjzxSeial2q54mwLQ/150?tp=webp,Dalvik/2.1.0 (Linux; U; Android 5.0.2; NX511J Build/LRX22G),image/webp
2BC821EC45610E51E3B1165D1F10AB62,41009,50622,3gnet,866769,220.206.165.103,116.79.216.164,2015-08-17 23:14:48.247938,2015-08-17 23:14:48.464958,0,752,5113,1,10.164.241.197,33760,163.177.76.88,80,200,http://mmsns.qpic.cn/mmsns/bibh3icSy0PKiaibLO2jmEbLET4IrSDw5fDC2BxnCCd2gR0bL4BsDweCryEGCwib75xANU6J1mibgTPYI/150?tp=webp,Dalvik/2.1.0 (Linux; U; Android 5.0.2; NX511J Build/LRX22G),image/webp
2BC821EC45610E51E3B1165D1F10AB62,41009,50622,3gnet,866769,220.206.165.103,116.79.216.164,2015-08-17 23:14:48.277911,2015-08-17 23:14:48.526900,0,713,3776,1,10.164.241.197,38511,163.177.76.88,80,200,http://mmsns.qpic.cn/mmsns/bibh3icSy0PKiaibLO2jmEbLEVIYUguKQdfFAia33rj7nOFEIVSVSaoByBe2ibI5edY4Pq9Oa4iak01K4c/150?tp=webp,Dalvik/2.1.0 (Linux; U; Android 5.0.2; NX511J Build/LRX22G),image/webp
2BC821EC45610E51E3B1165D1F10AB62,41009,50622,3gnet,866769,220.206.165.103,116.79.216.164,2015-08-17 23:14:48.798000,2015-08-17 23:14:49.027060,0,747,5369,1,10.164.241.197,58780,163.177.76.88,80,200,http://mmsns.qpic.cn/mmsns/umSbbHzoZsPeZkCaeGJDR09pKXMDtuNXGD7MVI9E18aeyoAGDu7W4MVdicouFdVqvzqKoCDzVHPE/150?tp=webp,Dalvik/2.1.0 (Linux; U; Android 5.0.2; NX511J Build/LRX22G),image/webp
D188137CB64193A1C21D11DBA220988D,41214,23713,3gnet,357351,220.206.165.76,116.79.216.164,2015-08-17 23:14:49.341242,2015-08-17 23:15:13.378580,19,1311,506,1,10.166.52.122,8159,210.21.196.6,53,0,sstream.flipboard.com,,
2BC821EC45610E51E3B1165D1F10AB62,41009,50622,3gnet,866769,220.206.165.103,116.79.216.164,2015-08-17 23:14:49.278009,2015-08-17 23:14:49.496963,0,786,6035,1,10.164.241.197,47193,163.177.76.88,80,200,http://mmsns.qpic.cn/mmsns/umSbbHzoZsPeZkCaeGJDR09pKXMDtuNXPY0g5FEug01vecJynjZEIhHzKJeQNpkYhp27JdPuhnk/150?tp=webp,Dalvik/2.1.0 (Linux; U; Android 5.0.2; NX511J Build/LRX22G),image/webp
2BC821EC45610E51E3B1165D1F10AB62,41009,50622,3gnet,866769,220.206.165.103,116.79.216.164,2015-08-17 23:14:49.285998,2015-08-17 23:14:49.516932,0,829,6325,1,10.164.241.197,39026,163.177.76.88,80,200,http://mmsns.qpic.cn/mmsns/umSbbHzoZsPeZkCaeGJDR09pKXMDtuNX6aVhrKiaqHricsricyKTudQyA0VYU88rNls8QvvItYteUQ/150?tp=webp,Dalvik/2.1.0 (Linux; U; Android 5.0.2; NX511J Build/LRX22G),image/webp
2BC821EC45610E51E3B1165D1F10AB62,41009,50622,3gnet,866769,220.206.165.103,116.79.216.164,2015-08-17 23:14:49.294603,2015-08-17 23:14:49.516935,0,787,6483,1,10.164.241.197,59747,163.177.76.88,80,200,http://mmsns.qpic.cn/mmsns/umSbbHzoZsPeZkCaeGJDR6VjE7CThQQ7v0774fYYZtWk44ZaOBgtzu97FrSjlbn5ZvXibnyyhZq4/150?tp=webp,Dalvik/2.1.0 (Linux; U; Android 5.0.2; NX511J Build/LRX22G),image/webp
7C77330D0D448D7BA64746B6C0553642,41053,16131,3gnet,860365,116.79.243.22,116.79.216.163,2015-08-17 23:14:59.726571,2015-08-17 23:15:00.187908,0,1423,0,1,10.160.204.88,0,210.21.196.6,0,0,,,
8A0592DF2F83EED34EC1424CBF20D69B,40984,27021,3gnet,352066,220.206.165.69,116.79.216.164,2015-08-17 23:14:49.570940,2015-08-17 23:14:49.726792,0,272,168,1,10.160.174.36,49878,122.13.85.14,80,0,,,
7C77330D0D448D7BA64746B6C0553642,41053,16131,3gnet,860365,116.79.243.22,116.79.216.163,2015-08-17 23:14:59.726606,2015-08-17 23:15:00.487938,0,1957,0,1,10.160.204.88,0,8.8.8.8,0,0,,,
7C77330D0D448D7BA64746B6C0553642,41053,16131,3gnet,860365,116.79.243.22,116.79.216.163,2015-08-17 23:14:59.726608,2015-08-17 23:15:00.157712,0,1495,0,1,10.160.204.88,0,221.5.88.88,0,0,,,
90C763E6AFA426525FF2C1D46CD927B1,41025,17231,3gnet,352067,220.206.165.58,116.79.216.162,2015-08-17 23:14:10.291618,2015-08-17 23:14:50.169149,39,565,3252,1,10.162.246.50,54893,17.172.232.117,5223,0,,,
573A2B3BEA245C0C4FE1EE48C5E99130,41011,3911,3gnet,354438,116.79.243.8,116.79.216.162,2015-08-17 23:14:20.346425,2015-08-17 23:14:51.019910,30,1818,587,1,10.161.103.165,63813,163.177.71.186,80,200,http://ifzq.gtimg.cn/appstock/mobile/mobile/weixinAdd?_rndtime=1439824458&_appName=ios&_dev=iPhone7,1&_devId=647bb68b3ee774b5eec5df967225e75dfcdfa3eb&_appver=3.9.1&_ifChId=&_isChId=1&_osVer=8.1.2&_uin=66204200&_wxuin=66204200,QQStock/15070216 CFNetwork/711.1.16 Darwin/14.0.0,multipart/form-data; boundary=---------IOSLIB-MUTABLEDATA---------
DA900ADABD01FEF0BFC689FE179DB1C0,4302,35485,3gnet,354438,220.206.165.182,116.79.216.163,2015-08-17 23:14:51.021604,2015-08-17 23:14:51.021604,0,432,0,2,10.161.206.172,50442,140.206.160.213,80,0,,,
2BC821EC45610E51E3B1165D1F10AB62,41009,50622,3gnet,866769,220.206.165.103,116.79.216.164,2015-08-17 23:14:50.918011,2015-08-17 23:14:51.137040,0,793,6572,1,10.164.241.197,56940,163.177.76.88,80,200,http://mmsns.qpic.cn/mmsns/ps68icnpRvDXbnLib5GnL0WrdE8uD9Keg4l3RAgnyWgbmq7NAypjuGoibTxGQib2XibMoCrMw1ciceeicc/150?tp=webp,Dalvik/2.1.0 (Linux; U; Android 5.0.2; NX511J Build/LRX22G),image/webp
573A2B3BEA245C0C4FE1EE48C5E99130,41011,3911,3gnet,354438,116.79.243.8,116.79.216.162,2015-08-17 23:14:20.346426,2015-08-17 23:14:51.277130,30,1253,999,1,10.161.103.165,63814,112.90.78.182,80,200,http://message.finance.qq.com/tips/get_msg_list.php?from=2015-08-17&to=2015-08-17&count=500&type=1,2,3&name=pstock&uid=66204200&r=95937&openid=oA0Gbjh8QayWLSf-zco0YfiQJgSQ&token=OezXcEiiBSKSxW0eoylIeD8qVRb_fmdwoHVJ1kUv5VXXj0SqpdTpxEtsIIUxQ-G7BZsxApPuIVqgMsBINkkRS0kLWo-vlUbBdLk1TzCPV5L3GG5XeiSZFvavmrmrNyj_3-IaA-PuZxDrfJwX3WNPwQ&check=6&_rndtime=1439824458&_appName=ios&_dev=iPhone7,1&_devId=647bb68b3ee774b5eec5df967225e75dfcdfa3eb&_appver=3.9.1&_ifChId=&_isChId=1&_osVer=8.1.2&_uin=66204200&_wxuin=66204200,QQStock/15070216 CFNetwork/711.1.16 Darwin/14.0.0,text/html; charset=gbk
573A2B3BEA245C0C4FE1EE48C5E99130,41011,3911,3gnet,354438,116.79.243.8,116.79.216.162,2015-08-17 23:14:20.422439,2015-08-17 23:14:51.277169,30,1217,536,1,10.161.103.165,63818,112.90.78.185,80,200,http://ifzq.finance.qq.com/appstock/broker/activity/check?app=3G&last_activity_time=1438613818.000000&last_message_time=1438613818.000000&r=16178&uin=66204200&openid=oA0Gbjh8QayWLSf-zco0YfiQJgSQ&format=json&check=6&r=72703&token=OezXcEiiBSKSxW0eoylIeD8qVRb_fmdwoHVJ1kUv5VXXj0SqpdTpxEtsIIUxQ-G7BZsxApPuIVqgMsBINkkRS0kLWo-vlUbBdLk1TzCPV5L3GG5XeiSZFvavmrmrNyj_3-IaA-PuZxDrfJwX3WNPwQ&appid=wxcbc3ab3807acb685&_rndtime=1439824458&_appName=ios&_dev=iPhone7,1&_devId=647bb68b3ee774b5eec5df967225e75dfcdfa3eb&_appver=3.9.1&_ifChId=&_isChId=1&_osVer=8.1.2&_uin=66204200&_wxuin=66204200,QQStock/15070216 CFNetwork/711.1.16 Darwin/14.0.0,text/html
573A2B3BEA245C0C4FE1EE48C5E99130,41011,3911,3gnet,354438,116.79.243.8,116.79.216.162,2015-08-17 23:14:20.346468,2015-08-17 23:14:51.277172,30,1272,667,1,10.161.103.165,63815,112.90.78.182,80,200,http://message.finance.qq.com/tips/activity_message.php?action=getnum&act_type=8002&uid=66204200&r=92475&check=6&openid=oA0Gbjh8QayWLSf-zco0YfiQJgSQ&uin=66204200&appid=wxcbc3ab3807acb685&token=OezXcEiiBSKSxW0eoylIeD8qVRb_fmdwoHVJ1kUv5VXXj0SqpdTpxEtsIIUxQ-G7BZsxApPuIVqgMsBINkkRS0kLWo-vlUbBdLk1TzCPV5L3GG5XeiSZFvavmrmrNyj_3-IaA-PuZxDrfJwX3WNPwQ&format=json&_rndtime=1439824458&_appName=ios&_dev=iPhone7,1&_devId=647bb68b3ee774b5eec5df967225e75dfcdfa3eb&_appver=3.9.1&_ifChId=&_isChId=1&_osVer=8.1.2&_uin=66204200&_wxuin=66204200,QQStock/15070216 CFNetwork/711.1.16 Darwin/14.0.0,text/html; charset=gbk
573A2B3BEA245C0C4FE1EE48C5E99130,41011,3911,3gnet,354438,116.79.243.8,116.79.216.162,2015-08-17 23:14:20.346370,2015-08-17 23:14:51.277169,30,1484,639,1,10.161.103.165,63812,163.177.71.186,80,200,http://ifzq.gtimg.cn/appstock/mobile/mobile/add?_rndtime=1439824458&_appName=ios&_dev=iPhone7,1&_devId=647bb68b3ee774b5eec5df967225e75dfcdfa3eb&_appver=3.9.1&_ifChId=&_isChId=1&_osVer=8.1.2&_uin=66204200&_wxuin=66204200,QQStock/15070216 CFNetwork/711.1.16 Darwin/14.0.0,multipart/form-data; boundary=---------IOSLIB-MUTABLEDATA---------
573A2B3BEA245C0C4FE1EE48C5E99130,41011,3911,3gnet,354438,116.79.243.8,116.79.216.162,2015-08-17 23:14:20.452423,2015-08-17 23:14:51.277045,30,1880,1025,1,10.161.103.165,63822,58.251.139.193,80,200,http://group.finance.qq.com/newstockgroup/RssService/getRssListFollow?_rndtime=1439824458&_appName=ios&_dev=iPhone7,1&_devId=647bb68b3ee774b5eec5df967225e75dfcdfa3eb&_appver=3.9.1&_ifChId=&_isChId=1&_osVer=8.1.2&_uin=66204200&_wxuin=66204200,QQStock/15070216 CFNetwork/711.1.16 Darwin/14.0.0,multipart/form-data; boundary=---------IOSLIB-MUTABLEDATA---------
573A2B3BEA245C0C4FE1EE48C5E99130,41011,3911,3gnet,354438,116.79.243.8,116.79.216.162,2015-08-17 23:14:20.440411,2015-08-17 23:14:51.277094,30,1605,562,1,10.161.103.165,63819,58.251.139.193,80,200,http://group.finance.qq.com/newstockgroup/RssService/getNewRssCnt?_rndtime=1439824458&_appName=ios&_dev=iPhone7,1&_devId=647bb68b3ee774b5eec5df967225e75dfcdfa3eb&_appver=3.9.1&_ifChId=&_isChId=1&_osVer=8.1.2&_uin=66204200&_wxuin=66204200,QQStock/15070216 CFNetwork/711.1.16 Darwin/14.0.0,multipart/form-data; boundary=---------IOSLIB-MUTABLEDATA---------
2BC821EC45610E51E3B1165D1F10AB62,41009,50622,3gnet,866769,220.206.165.103,116.79.216.164,2015-08-17 23:14:51.428119,2015-08-17 23:14:51.657043,0,828,8733,1,10.164.241.197,42196,163.177.76.88,80,200,http://mmsns.qpic.cn/mmsns/naPHoFY2n5T752RvuhWcQDZmMtX4qWs2EnF0d7500Ikxfj0eM30XsTibnmibQDRHdQl1AnKIfkxm0/150?tp=webp,Dalvik/2.1.0 (Linux; U; Android 5.0.2; NX511J Build/LRX22G),image/webp
573A2B3BEA245C0C4FE1EE48C5E99130,41011,3911,3gnet,354438,116.79.243.8,116.79.216.162,2015-08-17 23:14:51.277098,2015-08-17 23:14:51.970142,0,1242,19422,1,10.161.103.165,63825,140.206.160.213,80,200,http://short.weixin.qq.com/cgi-bin/micromsg-bin/mmsnstimeline,MicroMessenger Client,application/octet-stream
2BC821EC45610E51E3B1165D1F10AB62,41009,50622,3gnet,866769,220.206.165.103,116.79.216.164,2015-08-17 23:14:51.768014,2015-08-17 23:14:51.997031,0,752,5089,1,10.164.241.197,58094,163.177.76.88,80,200,http://mmsns.qpic.cn/mmsns/LHdtlaBo22dmTHibZZUlTB4QCEh4JnjfbJxmaibDibsgLDsjCIenEibYwlvDGRHBPRjicMMicxQa83ODA/150?tp=webp,Dalvik/2.1.0 (Linux; U; Android 5.0.2; NX511J Build/LRX22G),image/webp
4B44B960F5E779D1929B3679D5E4D390,41039,12012,3gnet.mnc001.mcc460.gprs,868017,220.206.128.154,116.79.216.162,2015-08-17 23:14:52.698788,2015-08-17 23:15:07.852566,15,46270,3486,1,10.163.93.175,44039,112.90.74.148,8080,0,,,
2BC821EC45610E51E3B1165D1F10AB62,41009,50622,3gnet,866769,220.206.165.103,116.79.216.164,2015-08-17 23:14:52.728049,2015-08-17 23:14:52.838043,0,82,82,1,10.164.241.197,56643,202.108.23.105,5287,0,,,
DA900ADABD01FEF0BFC689FE179DB1C0,4302,35485,3gnet,354438,220.206.165.182,116.79.216.163,2015-08-17 23:12:16.614095,2015-08-17 23:12:52.142769,0,199,509,2,10.161.206.172,57005,210.21.196.6,53,0,long.weixin.qq.com,,
DA900ADABD01FEF0BFC689FE179DB1C0,4302,35485,3gnet,354438,220.206.165.182,116.79.216.163,2015-08-17 23:12:16.614039,2015-08-17 23:12:16.853113,0,912,496,2,10.161.206.172,50445,140.207.54.116,80,200,http://short.weixin.qq.com/cgi-bin/micromsg-bin/reportidkey,MicroMessenger Client,application/octet-stream
DA900ADABD01FEF0BFC689FE179DB1C0,4302,35485,3gnet,354438,220.206.165.182,116.79.216.163,2015-08-17 23:12:16.914016,2015-08-17 23:12:16.914016,0,64,0,2,10.161.206.172,50451,17.167.194.149,443,0,,,
DA900ADABD01FEF0BFC689FE179DB1C0,4302,35485,3gnet,354438,220.206.165.182,116.79.216.163,2015-08-17 23:12:16.717236,2015-08-17 23:12:17.134105,0,104,52,2,10.161.206.172,50450,17.167.192.152,443,0,,,
DA900ADABD01FEF0BFC689FE179DB1C0,4302,35485,3gnet,354438,220.206.165.182,116.79.216.163,2015-08-17 23:12:16.914018,2015-08-17 23:12:17.174711,0,688,1134,2,10.161.206.172,50452,125.39.247.171,80,200,http://dns.weixin.qq.com/cgi-bin/micromsg-bin/newgetdns?uin=1394468240&clientversion=369230865&scene=0&net=2&md5=12a67ac3286a1c91f963629df13bff8b&devicetype=iPhone+OS8.4&lan=zh_CN&sigver=1,MicroMessenger Client,
DA900ADABD01FEF0BFC689FE179DB1C0,4302,35485,3gnet,354438,220.206.128.165,116.79.216.163,2015-08-17 23:12:11.284331,2015-08-17 23:12:17.214069,5,619,4737,2,10.161.206.172,50439,17.167.194.123,443,0,,,
DA900ADABD01FEF0BFC689FE179DB1C0,4302,35485,3gnet,354438,220.206.165.182,116.79.216.163,2015-08-17 23:12:16.622121,2015-08-17 23:12:17.454076,0,184,92,2,10.161.206.172,50448,17.167.194.236,443,0,,,
4B44B960F5E779D1929B3679D5E4D390,41039,12012,3gnet.mnc001.mcc460.gprs,868017,220.206.128.154,116.79.216.162,2015-08-17 23:12:17.591252,2015-08-17 23:12:18.028874,0,960,787,1,10.163.93.175,43413,202.108.7.133,80,200,http://api.weibo.cn/2/remind/group_unread?group_ids=100012123160793%2C100092123160793%2C100032123160793%2C100042123160793%2C221105070193865450%2C221105070202201583%2C221105070193865460%2C221105070194117355%2C3645452635264509%2C3645452635062920%2C3645452635062917%2C3712079590797988%2C3746540340040152%2C3753007236049467%2C3762129913838257%2C100052123160793%2C100082123160793&with_url=0&c=android&i=ffb4b6c&s=60e40256&ua=Meizu-m2%20note__weibo__5.1.0__android__android5.1&wm=19005_0019&v_f=2&from=1051095014&gsid=_2A2541ca9DeTxGeRP6VEQ9i7Lwj-IHXVZw111rDV6PUJbrdAKLXnAkWoe_ZNJouzBtcb-z5qIpukVbvAEoQ..&lang=zh_CN&skin=default&oldwm=19005_0019,m2 note_5.1_weibo_5.1.0_android,application/json;charset=UTF-8
8A0592DF2F83EED34EC1424CBF20D69B,40984,27021,3gnet,352066,220.206.165.69,116.79.216.164,2015-08-17 23:12:16.540414,2015-08-17 23:12:18.130442,1,336,168,1,10.160.174.36,49783,122.13.85.14,80,0,,,
DA900ADABD01FEF0BFC689FE179DB1C0,4302,35485,3gnet,354438,220.206.128.165,116.79.216.163,2015-08-17 23:12:11.284149,2015-08-17 23:12:18.619082,7,336,248,2,10.161.206.172,50435,17.167.194.149,443,0,,,
DA900ADABD01FEF0BFC689FE179DB1C0,4302,35485,3gnet,354438,220.206.128.165,116.79.216.163,2015-08-17 23:12:11.283923,2015-08-17 23:12:18.674084,7,336,196,2,10.161.206.172,50433,17.167.194.236,443,0,,,
DA900ADABD01FEF0BFC689FE179DB1C0,4302,35485,3gnet,354438,220.206.128.165,116.79.216.163,2015-08-17 23:12:11.208565,2015-08-17 23:12:18.684128,7,336,196,2,10.161.206.172,50432,17.167.194.148,443,0,,,
DA900ADABD01FEF0BFC689FE179DB1C0,4302,35485,3gnet,354438,220.206.128.165,116.79.216.163,2015-08-17 23:12:11.283923,2015-08-17 23:12:18.694076,7,336,248,2,10.161.206.172,50434,17.167.192.152,443,0,,,
DA900ADABD01FEF0BFC689FE179DB1C0,4302,35485,3gnet,354438,220.206.128.165,116.79.216.163,2015-08-17 23:12:11.284230,2015-08-17 23:12:18.714093,7,272,196,2,10.161.206.172,50438,17.167.194.120,443,0,,,
DA900ADABD01FEF0BFC689FE179DB1C0,4302,35485,3gnet,354438,220.206.128.165,116.79.216.163,2015-08-17 23:12:02.811865,2015-08-17 23:12:19.179141,16,811,9074,2,10.161.206.172,50424,17.167.194.149,443,0,,,
8A0592DF2F83EED34EC1424CBF20D69B,40984,27021,3gnet,352066,220.206.165.69,116.79.216.164,2015-08-17 23:12:19.905224,2015-08-17 23:12:20.547492,0,272,168,1,10.160.174.36,49784,122.13.85.14,80,0,,,
0185DF991A032256C14F522CB1A924A8,41071,15121,3gnet,355868,220.206.165.226,116.79.216.162,2015-08-17 23:12:21.030024,2015-08-17 23:12:21.030024,0,42,0,1,10.160.180.187,51748,61.135.185.18,5287,0,,,
D188137CB64193A1C21D11DBA220988D,41214,23711,3gnet,357351,220.206.128.193,116.79.216.164,2015-08-17 23:12:21.097686,2015-08-17 23:12:21.097686,0,173,0,1,10.166.52.122,5353,224.0.0.251,5353,0,,,
DA900ADABD01FEF0BFC689FE179DB1C0,4302,35485,3gnet,354438,220.206.165.182,116.79.216.163,2015-08-17 23:12:16.614095,2015-08-17 23:12:21.209142,4,1041,4876,2,10.161.206.172,50447,17.167.194.148,443,0,,,
D188137CB64193A1C21D11DBA220988D,41214,23711,3gnet,357351,220.206.128.193,116.79.216.164,2015-08-17 23:12:21.581661,2015-08-17 23:12:21.890030,0,40,52,1,10.166.52.122,58053,123.129.202.151,80,0,,,
D188137CB64193A1C21D11DBA220988D,41214,23711,3gnet,357351,220.206.128.193,116.79.216.164,2015-08-17 23:12:21.377245,2015-08-17 23:12:21.960178,0,80,104,1,10.166.52.122,58048,123.129.202.151,80,0,,,
2BC821EC45610E51E3B1165D1F10AB62,41009,50622,3gnet,866769,220.206.165.103,116.79.216.164,2015-08-17 23:12:22.112574,2015-08-17 23:12:22.233533,0,123,58,1,10.164.241.197,58508,123.125.104.183,4829,0,,,
D188137CB64193A1C21D11DBA220988D,41214,23711,3gnet,357351,220.206.128.193,116.79.216.164,2015-08-17 23:12:22.319038,2015-08-17 23:12:22.390256,0,40,52,1,10.166.52.122,58052,123.129.202.151,80,0,,,
F54A0F72062408EDC2DBC4B2A8342383,41213,42411,3GNET,013137,220.206.128.75,116.79.216.164,2015-08-17 23:12:22.406849,2015-08-17 23:12:22.406849,0,40,0,1,10.163.163.227,57948,118.244.194.68,80,0,,,
DA900ADABD01FEF0BFC689FE179DB1C0,4302,35485,3gnet,354438,220.206.128.165,116.79.216.163,2015-08-17 23:11:59.331572,2015-08-17 23:12:22.471734,23,800,860,2,10.161.206.172,50420,140.206.160.212,8080,0,,,
DA900ADABD01FEF0BFC689FE179DB1C0,4302,35485,3gnet,354438,220.206.165.182,116.79.216.163,2015-08-17 23:12:21.554217,2015-08-17 23:12:22.817333,1,184,92,2,10.161.206.172,50457,17.167.194.148,443,0,,,
DA900ADABD01FEF0BFC689FE179DB1C0,4302,35485,3gnet,354438,220.206.165.182,116.79.216.163,2015-08-17 23:12:20.522256,2015-08-17 23:12:22.817337,2,1077,4876,2,10.161.206.172,50455,17.167.194.236,443,0,,,
DA900ADABD01FEF0BFC689FE179DB1C0,4302,35485,3gnet,354438,220.206.165.182,116.79.216.163,2015-08-17 23:12:20.522254,2015-08-17 23:12:22.817338,2,1077,4876,2,10.161.206.172,50454,17.167.194.236,443,0,,,
8A0592DF2F83EED34EC1424CBF20D69B,40984,27021,3gnet,352066,220.206.165.69,116.79.216.164,2015-08-17 23:12:22.410591,2015-08-17 23:12:23.049359,0,272,168,1,10.160.174.36,49785,122.13.85.14,80,0,,,
DA900ADABD01FEF0BFC689FE179DB1C0,4302,35485,3gnet,354438,220.206.165.182,116.79.216.163,2015-08-17 23:12:20.522293,2015-08-17 23:12:23.452392,2,631,6073,2,10.161.206.172,50456,17.167.194.236,443,0,,,
DA900ADABD01FEF0BFC689FE179DB1C0,4302,35485,3gnet,354438,220.206.165.182,116.79.216.163,2015-08-17 23:12:20.514090,2015-08-17 23:12:24.014219,3,1077,4916,2,10.161.206.172,50453,17.167.194.236,443,0,,,
CD24BEE5684289F14C7C0DD13B7C6CB2,41025,57111,3gnet,356984,220.206.165.98,116.79.216.164,2015-08-17 23:12:24.024779,2015-08-17 23:12:24.027355,0,71,285,1,10.162.172.158,51857,210.21.196.6,53,0,20-courier.push.apple.com,,
DA900ADABD01FEF0BFC689FE179DB1C0,4302,35485,3gnet,354438,220.206.165.182,116.79.216.163,2015-08-17 23:12:24.034217,2015-08-17 23:12:25.122352,1,128,52,2,10.161.206.172,50463,17.167.194.148,443,0,,,
76249CBF9EE9A01E10B827DCC0E3F5C8,41026,5421,3gnet.mnc001.mcc460.gprs,358365,116.79.243.146,116.79.216.163,2015-08-17 23:12:24.661303,2015-08-17 23:12:24.661303,0,174,0,1,10.160.159.210,62187,17.172.232.140,5223,0,,,
CD24BEE5684289F14C7C0DD13B7C6CB2,41025,57111,3gnet,356984,220.206.165.98,116.79.216.164,2015-08-17 23:12:25.134825,2015-08-17 23:12:25.134825,0,64,0,1,10.162.172.158,59492,17.172.232.211,5223,0,,,
8A0592DF2F83EED34EC1424CBF20D69B,40984,27021,3gnet,352066,220.206.165.69,116.79.216.164,2015-08-17 23:12:24.902556,2015-08-17 23:12:25.657131,0,272,168,1,10.160.174.36,49786,122.13.85.14,80,0,,,
DA900ADABD01FEF0BFC689FE179DB1C0,4302,35485,3gnet,354438,220.206.165.182,116.79.216.163,2015-08-17 23:12:24.034259,2015-08-17 23:12:26.089316,2,248,92,2,10.161.206.172,50464,17.167.194.148,443,0,,,
DA900ADABD01FEF0BFC689FE179DB1C0,4302,35485,3gnet,354438,220.206.165.182,116.79.216.163,2015-08-17 23:12:24.034215,2015-08-17 23:12:26.089315,2,248,144,2,10.161.206.172,50462,17.167.194.148,443,0,,,
DA900ADABD01FEF0BFC689FE179DB1C0,4302,35485,3gnet,354438,220.206.165.182,116.79.216.163,2015-08-17 23:12:22.147324,2015-08-17 23:12:26.637443,4,1197,4996,2,10.161.206.172,50459,17.167.194.148,443,0,,,
DA900ADABD01FEF0BFC689FE179DB1C0,4302,35485,3gnet,354438,220.206.165.182,116.79.216.163,2015-08-17 23:12:22.195112,2015-08-17 23:12:26.664367,4,1077,4876,2,10.161.206.172,50460,17.167.194.148,443,0,,,
DA900ADABD01FEF0BFC689FE179DB1C0,4302,35485,3gnet,354438,220.206.165.182,116.79.216.163,2015-08-17 23:12:22.139106,2015-08-17 23:12:26.664368,4,1197,4996,2,10.161.206.172,50458,17.167.194.148,443,0,,,
DA900ADABD01FEF0BFC689FE179DB1C0,4302,35485,3gnet,354438,220.206.128.165,116.79.216.163,2015-08-17 23:11:56.363865,2015-08-17 23:12:26.949408,30,1118,3481,2,10.161.206.172,50411,17.143.163.163,5223,0,,,
DA900ADABD01FEF0BFC689FE179DB1C0,4302,35485,3gnet,354438,220.206.165.182,116.79.216.163,2015-08-17 23:12:25.130279,2015-08-17 23:12:26.989295,1,1077,4876,2,10.161.206.172,50466,17.167.194.236,443,0,,,
DA900ADABD01FEF0BFC689FE179DB1C0,4302,35485,3gnet,354438,220.206.165.182,116.79.216.163,2015-08-17 23:12:22.203147,2015-08-17 23:12:27.313984,5,1648,5570,2,10.161.206.172,50461,17.167.194.148,443,0,,,
7E61B0E543241D343391EE46587C727D,41078,15611,3gnet,863296,220.206.128.155,116.79.216.162,2015-08-17 23:12:27.832749,2015-08-17 23:12:27.836064,0,59,164,1,10.162.156.112,1564,210.21.196.6,53,0,kyfw.12306.cn,,
4B44B960F5E779D1929B3679D5E4D390,41039,12012,3gnet.mnc001.mcc460.gprs,868017,220.206.128.154,116.79.216.162,2015-08-17 23:12:09.983093,2015-08-17 23:12:28.385292,18,17288,32704,1,10.163.93.175,58297,221.5.107.16,80,200,http://api-app.meizu.com/apps/public/history/check_update,Dalvik/2.1.0 (Linux; U; Android 5.1; m2 note Build/LMY47D),application/x-www-form-urlencoded; charset=UTF-8
4B44B960F5E779D1929B3679D5E4D390,41039,12012,3gnet.mnc001.mcc460.gprs,868017,220.206.128.154,116.79.216.162,2015-08-17 23:12:27.719074,2015-08-17 23:12:28.412895,0,933,1547,1,10.163.93.175,54308,112.90.74.149,80,200,http://szextshort.weixin.qq.com/cgi-bin/micromsg-bin/mmsnscomment,MicroMessenger Client,application/octet-stream
4B44B960F5E779D1929B3679D5E4D390,41039,12012,3gnet.mnc001.mcc460.gprs,868017,220.206.128.154,116.79.216.162,2015-08-17 23:12:27.794727,2015-08-17 23:12:28.458906,0,887,6108,1,10.163.93.175,53852,163.177.76.88,80,200,http://mmsns.qpic.cn/mmsns/ry7fbiayQCyCpmArTWRk8ZTLjpWHnRhZicFuy3lvXX0h4CYkqfPldiajUOicKOxHh5rKBOkpmTKPIV0/150?tp=webp,Dalvik/2.1.0 (Linux; U; Android 5.1; m2 note Build/LMY47D),image/jpeg
4B44B960F5E779D1929B3679D5E4D390,41039,12012,3gnet.mnc001.mcc460.gprs,868017,220.206.128.154,116.79.216.162,2015-08-17 23:12:27.796839,2015-08-17 23:12:28.461418,0,889,5904,1,10.163.93.175,53650,163.177.76.88,80,200,http://mmsns.qpic.cn/mmsns/ry7fbiayQCyCpmArTWRk8ZUhvPia6thhYXBdABiaGxl1t8Emkp6w9xytX5HAPfIsvEia5qGhUiaibZLLk/150?tp=webp,Dalvik/2.1.0 (Linux; U; Android 5.1; m2 note Build/LMY47D),image/jpeg
4B44B960F5E779D1929B3679D5E4D390,41039,12012,3gnet.mnc001.mcc460.gprs,868017,220.206.128.154,116.79.216.162,2015-08-17 23:12:27.800706,2015-08-17 23:12:28.480873,0,846,4754,1,10.163.93.175,42428,163.177.76.88,80,200,http://mmsns.qpic.cn/mmsns/ry7fbiayQCyCpmArTWRk8ZXY4dfkK0Ksj3U2NkVxtAmcHNYibAjvac7tlMicFqL1XH9EfVx5m6DzJA/150?tp=webp,Dalvik/2.1.0 (Linux; U; Android 5.1; m2 note Build/LMY47D),image/jpeg
CD24BEE5684289F14C7C0DD13B7C6CB2,41025,57111,3gnet,356984,220.206.165.98,116.79.216.164,2015-08-17 23:12:04.191339,2015-08-17 23:12:28.605028,24,922,0,1,10.162.172.158,59425,17.110.229.148,5223,0,,,
DA900ADABD01FEF0BFC689FE179DB1C0,4302,35485,3gnet,354438,220.206.165.182,116.79.216.163,2015-08-17 23:12:26.264543,2015-08-17 23:12:29.028108,2,1787,5773,2,10.161.206.172,50468,17.167.194.148,443,0,,,
7E61B0E543241D343391EE46587C727D,41078,15611,3gnet,863296,220.206.128.155,116.79.216.162,2015-08-17 23:12:27.914596,2015-08-17 23:12:29.105017,1,3128,4295,1,10.162.156.112,60604,36.248.4.40,443,0,,,
8A0592DF2F83EED34EC1424CBF20D69B,40984,27021,3gnet,352066,220.206.165.69,116.79.216.164,2015-08-17 23:12:28.517481,2015-08-17 23:12:29.165157,0,272,168,1,10.160.174.36,49787,122.13.85.14,80,0,,,
4B44B960F5E779D1929B3679D5E4D390,41039,12012,3gnet.mnc001.mcc460.gprs,868017,220.206.128.154,116.79.216.162,2015-08-17 23:12:28.708884,2015-08-17 23:12:29.336970,0,787,6995,1,10.163.93.175,55190,163.177.76.88,80,200,http://mmsns.qpic.cn/mmsns/ry7fbiayQCyCpmArTWRk8ZXY4dfkK0Ksj7lrVo8cDR6w2M4YakTHOH4n5ibhlRcqh75ATZlfFicNFM/150?tp=webp,Dalvik/2.1.0 (Linux; U; Android 5.1; m2 note Build/LMY47D),image/jpeg
4B44B960F5E779D1929B3679D5E4D390,41039,12012,3gnet.mnc001.mcc460.gprs,868017,220.206.128.154,116.79.216.162,2015-08-17 23:12:28.756897,2015-08-17 23:12:29.380785,0,706,3255,1,10.163.93.175,41426,163.177.76.88,80,200,http://mmsns.qpic.cn/mmsns/ry7fbiayQCyCpmArTWRk8ZTkuuFWy39I6J49Gft5jZJphLsDGcyGupKydpOazROZ50ubOacpwUicI/150?tp=webp,Dalvik/2.1.0 (Linux; U; Android 5.1; m2 note Build/LMY47D),image/webp
4963B485B8DCC4E5C40933B24A9B57A1,41041,16731,3gnet,359248,220.206.165.219,116.79.216.164,2015-08-17 23:12:29.384199,2015-08-17 23:12:29.384199,0,40,0,1,10.161.171.52,58100,17.110.225.76,5223,0,,,
4B44B960F5E779D1929B3679D5E4D390,41039,12012,3gnet.mnc001.mcc460.gprs,868017,220.206.128.154,116.79.216.162,2015-08-17 23:12:29.224819,2015-08-17 23:12:29.496823,0,710,3351,1,10.163.93.175,49146,163.177.76.88,80,200,http://mmsns.qpic.cn/mmsns/ry7fbiayQCyCpmArTWRk8ZelLV89JUhDEmibsib9flRRUbic3FLKG2ib5gQNdQvC13OIX3IqroiaDMQ0M/150?tp=webp,Dalvik/2.1.0 (Linux; U; Android 5.1; m2 note Build/LMY47D),image/webp
4B44B960F5E779D1929B3679D5E4D390,41039,12012,3gnet.mnc001.mcc460.gprs,868017,220.206.128.154,116.79.216.162,2015-08-17 23:12:29.356851,2015-08-17 23:12:29.624812,0,669,2817,1,10.163.93.175,34025,163.177.76.88,80,200,http://mmsns.qpic.cn/mmsns/ry7fbiayQCyCpmArTWRk8ZfmFgwjYNgFy6aoOjO480JBuGr8mia63ffcCickh6a5ibtSjvpCY6bicnl4/150?tp=webp,Dalvik/2.1.0 (Linux; U; Android 5.1; m2 note Build/LMY47D),image/webp
4B44B960F5E779D1929B3679D5E4D390,41039,12012,3gnet.mnc001.mcc460.gprs,868017,220.206.128.154,116.79.216.162,2015-08-17 23:12:29.518780,2015-08-17 23:12:29.778766,0,667,2785,1,10.163.93.175,51614,163.177.76.88,80,200,http://mmsns.qpic.cn/mmsns/ry7fbiayQCyCpmArTWRk8ZfmFgwjYNgFyicvJtqsTVtiauXk5JdceXFzkmNA8VSbyrfrGIP7hR7VpU/150?tp=webp,Dalvik/2.1.0 (Linux; U; Android 5.1; m2 note Build/LMY47D),image/webp
4B44B960F5E779D1929B3679D5E4D390,41039,12012,3gnet.mnc001.mcc460.gprs,868017,220.206.128.154,116.79.216.162,2015-08-17 23:12:29.682849,2015-08-17 23:12:29.928897,0,712,3021,1,10.163.93.175,35358,163.177.76.88,80,200,http://mmsns.qpic.cn/mmsns/ry7fbiayQCyCpmArTWRk8ZY0QiaID3UcpdlYBndIKKS7bqTjOU7Mg06nrpFuiaiaibiczjsGFB8icMgwibU/150?tp=webp,Dalvik/2.1.0 (Linux; U; Android 5.1; m2 note Build/LMY47D),image/webp
4B44B960F5E779D1929B3679D5E4D390,41039,12012,3gnet.mnc001.mcc460.gprs,868017,220.206.128.154,116.79.216.162,2015-08-17 23:12:29.782944,2015-08-17 23:12:30.084806,0,746,4651,1,10.163.93.175,37681,163.177.76.88,80,200,http://mmsns.qpic.cn/mmsns/5cJ329xUeTyibGEsrjeE5ztGiaWULBu8Qa7IPnffx2pQHvfj9STCKR8tFb9mnm610L5VcL8HcQ7uI/150?tp=webp,Dalvik/2.1.0 (Linux; U; Android 5.1; m2 note Build/LMY47D),image/webp
4B44B960F5E779D1929B3679D5E4D390,41039,12012,3gnet.mnc001.mcc460.gprs,868017,220.206.128.154,116.79.216.162,2015-08-17 23:12:29.912791,2015-08-17 23:12:30.338900,0,785,6202,1,10.163.93.175,51745,163.177.76.88,80,200,http://mmsns.qpic.cn/mmsns/5cJ329xUeTyibGEsrjeE5zvtlQ8Rcpqa6GE3qu1jqTxGG1HKyl9xZHHNHNRQyvM1hJs3N9m2Ayxc/150?tp=webp,Dalvik/2.1.0 (Linux; U; Android 5.1; m2 note Build/LMY47D),image/webp
DA900ADABD01FEF0BFC689FE179DB1C0,4302,35485,3gnet,354438,220.206.128.165,116.79.216.163,2015-08-17 23:12:14.168030,2015-08-17 23:12:30.379474,16,168,120,2,10.161.206.172,50442,140.206.160.213,80,0,,,
644A3331F6DF3C76E02CD9523A43B292,41087,49711,3gnet,355799,220.206.165.35,116.79.216.164,2015-08-17 23:03:19.244990,2015-08-17 23:07:50.512185,271,652,368,1,10.161.122.124,38279,140.206.160.212,8080,0,,,
4B44B960F5E779D1929B3679D5E4D390,41039,12012,3gnet.mnc001.mcc460.gprs,868017,220.206.128.154,116.79.216.162,2015-08-17 23:12:30.244977,2015-08-17 23:12:30.606885,0,866,8846,1,10.163.93.175,46941,163.177.76.88,80,200,http://mmsns.qpic.cn/mmsns/5cJ329xUeTyibGEsrjeE5zvtlQ8Rcpqa68aVamm0qK9ztcEENMVbZSxVEVNOOB5RFWz15omiaBj3w/150?tp=webp,Dalvik/2.1.0 (Linux; U; Android 5.1; m2 note Build/LMY47D),image/webp
DA900ADABD01FEF0BFC689FE179DB1C0,4302,35485,3gnet,354438,220.206.165.182,116.79.216.163,2015-08-17 23:12:30.379474,2015-08-17 23:12:30.626111,0,704,738,2,10.161.206.172,50471,140.207.54.116,80,200,http://short.weixin.qq.com/cgi-bin/micromsg-bin/getcdndns,MicroMessenger Client,application/octet-stream
4B44B960F5E779D1929B3679D5E4D390,41039,12012,3gnet.mnc001.mcc460.gprs,868017,220.206.128.154,116.79.216.162,2015-08-17 23:12:30.484779,2015-08-17 23:12:30.802827,0,868,9509,1,10.163.93.175,34662,163.177.76.88,80,200,http://mmsns.qpic.cn/mmsns/5cJ329xUeTyibGEsrjeE5zvtlQ8Rcpqa6YF0F5ElpFNMyDb2peSOkF46oibcwev2QBicaibbruy1EDA/150?tp=webp,Dalvik/2.1.0 (Linux; U; Android 5.1; m2 note Build/LMY47D),image/webp
4B44B960F5E779D1929B3679D5E4D390,41039,12012,3gnet.mnc001.mcc460.gprs,868017,220.206.128.154,116.79.216.162,2015-08-17 23:12:30.742863,2015-08-17 23:12:31.028860,0,746,4497,1,10.163.93.175,60536,163.177.76.88,80,200,http://mmsns.qpic.cn/mmsns/5cJ329xUeTyibGEsrjeE5zvtlQ8Rcpqa6mrwib61ue8UQa62ytztoIqH1sxAoLp8vSY2qF5o1gQmc/150?tp=webp,Dalvik/2.1.0 (Linux; U; Android 5.1; m2 note Build/LMY47D),image/webp
4B44B960F5E779D1929B3679D5E4D390,41039,12012,3gnet.mnc001.mcc460.gprs,868017,220.206.128.154,116.79.216.162,2015-08-17 23:12:30.948857,2015-08-17 23:12:31.176912,0,710,3305,1,10.163.93.175,43811,163.177.76.88,80,200,http://mmsns.qpic.cn/mmsns/ry7fbiayQCyCpmArTWRk8ZY0QiaID3Ucpdut8puLlLDoJxsEhrSAHC8iaibQnJYgiaCtex2icMhHg5eFI/150?tp=webp,Dalvik/2.1.0 (Linux; U; Android 5.1; m2 note Build/LMY47D),image/webp
DA900ADABD01FEF0BFC689FE179DB1C0,4302,35485,3gnet,354438,220.206.165.182,116.79.216.163,2015-08-17 23:12:25.122355,2015-08-17 23:12:31.269243,6,1683,5644,2,10.161.206.172,50465,17.167.194.236,443,0,,,
DA900ADABD01FEF0BFC689FE179DB1C0,4302,35485,3gnet,354438,220.206.165.182,116.79.216.163,2015-08-17 23:12:26.573325,2015-08-17 23:12:31.291691,4,1978,5230,2,10.161.206.172,50469,17.167.194.148,443,0,,,
DA900ADABD01FEF0BFC689FE179DB1C0,4302,35485,3gnet,354438,220.206.165.182,116.79.216.163,2015-08-17 23:12:28.459345,2015-08-17 23:12:31.291692,2,1626,5228,2,10.161.206.172,50470,17.167.194.148,443,0,,,
4B44B960F5E779D1929B3679D5E4D390,41039,12012,3gnet.mnc001.mcc460.gprs,868017,220.206.128.154,116.79.216.162,2015-08-17 23:12:30.064845,2015-08-17 23:12:31.398840,1,827,8501,1,10.163.93.175,32816,163.177.76.88,80,200,http://mmsns.qpic.cn/mmsns/5cJ329xUeTyibGEsrjeE5zvtlQ8Rcpqa6VQpZby1vFMCbr3uo68qf9dqia7eKfvNreib1YMscRgDR0/150?tp=webp,Dalvik/2.1.0 (Linux; U; Android 5.1; m2 note Build/LMY47D),image/webp
4B44B960F5E779D1929B3679D5E4D390,41039,12012,3gnet.mnc001.mcc460.gprs,868017,220.206.128.154,116.79.216.162,2015-08-17 23:12:31.382868,2015-08-17 23:12:31.673102,0,669,2695,1,10.163.93.175,35747,163.177.76.88,80,200,http://mmsns.qpic.cn/mmsns/ry7fbiayQCyCpmArTWRk8ZXutibwNm6QscImHO7HEnjY8Cia2JZ7xMuBib5fZdWs6M2ibI6uyCRz5Egg/150?tp=webp,Dalvik/2.1.0 (Linux; U; Android 5.1; m2 note Build/LMY47D),image/webp
4B44B960F5E779D1929B3679D5E4D390,41039,12012,3gnet.mnc001.mcc460.gprs,868017,220.206.128.154,116.79.216.162,2015-08-17 23:12:31.524995,2015-08-17 23:12:31.803051,0,668,3306,1,10.163.93.175,45840,163.177.76.88,80,200,http://mmsns.qpic.cn/mmsns/ry7fbiayQCyCpmArTWRk8ZXutibwNm6QscQ1AlnKmBgCmNPlmc2xbhvGeeRoh9LgX11fibniaOUuz00/150?tp=webp,Dalvik/2.1.0 (Linux; U; Android 5.1; m2 note Build/LMY47D),image/webp
4B44B960F5E779D1929B3679D5E4D390,41039,12012,3gnet.mnc001.mcc460.gprs,868017,220.206.128.154,116.79.216.162,2015-08-17 23:12:31.524999,2015-08-17 23:12:31.870871,0,825,8469,1,10.163.93.175,52731,163.177.76.88,80,200,http://mmsns.qpic.cn/mmsns/5cJ329xUeTyibGEsrjeE5zvtlQ8Rcpqa6KNaQFWWXmSSuD16FnMZjNmv0tjvYWYNg66zCJod8d1A/150?tp=webp,Dalvik/2.1.0 (Linux; U; Android 5.1; m2 note Build/LMY47D),image/webp
4B44B960F5E779D1929B3679D5E4D390,41039,12012,3gnet.mnc001.mcc460.gprs,868017,220.206.128.154,116.79.216.162,2015-08-17 23:12:31.990887,2015-08-17 23:12:32.231176,0,746,4601,1,10.163.93.175,56260,163.177.76.88,80,200,http://mmsns.qpic.cn/mmsns/hqDXUD6csU8iaMSibaMa6ZdKGM379rChgTrBNp5ZEYwEQOpuhTvcLkFwSGjskdXxngL0FJaKADvSE/150?tp=webp,Dalvik/2.1.0 (Linux; U; Android 5.1; m2 note Build/LMY47D),image/webp
4B44B960F5E779D1929B3679D5E4D390,41039,12012,3gnet.mnc001.mcc460.gprs,868017,220.206.128.154,116.79.216.162,2015-08-17 23:12:32.046981,2015-08-17 23:12:32.294973,0,667,2873,1,10.163.93.175,56323,163.177.76.88,80,200,http://mmsns.qpic.cn/mmsns/ry7fbiayQCyCpmArTWRk8ZcicbnYvCjOyhOxr9hkecT1NqmOKF2u1kmsoYoAyiaMgtS7MHTf7HVF2s/150?tp=webp,Dalvik/2.1.0 (Linux; U; Android 5.1; m2 note Build/LMY47D),image/webp
4B44B960F5E779D1929B3679D5E4D390,41039,12012,3gnet.mnc001.mcc460.gprs,868017,220.206.128.154,116.79.216.162,2015-08-17 23:12:32.564877,2015-08-17 23:12:33.419061,0,711,3040,1,10.163.93.175,39646,163.177.76.88,80,200,http://mmsns.qpic.cn/mmsns/KydxAIB52xlUKIh3vFEOLvp4ZeHInLiaaibUnTYUG6fRMbBsGRS51LMnRBEiaEMVJiaibNof3aQicx0ic4/150?tp=webp,Dalvik/2.1.0 (Linux; U; Android 5.1; m2 note Build/LMY47D),image/webp
4B44B960F5E779D1929B3679D5E4D390,41039,12012,3gnet.mnc001.mcc460.gprs,868017,220.206.128.154,116.79.216.162,2015-08-17 23:12:33.394860,2015-08-17 23:12:33.772952,0,701,922,1,10.163.93.175,36241,202.108.7.133,80,200,http://api.weibo.cn/2/remind/unread_count?remind_version=125&ext_all=0&c=android&i=ffb4b6c&s=60e40256&ua=Meizu-m2%20note__weibo__5.1.0__android__android5.1&wm=19005_0019&idc=&v_f=2&from=1051095014&gsid=_2A2541ca9DeTxGeRP6VEQ9i7Lwj-IHXVZw111rDV6PUJbrdAKLXnAkWoe_ZNJouzBtcb-z5qIpukVbvAEoQ..&lang=zh_CN&skin=default&oldwm=19005_0019&with_settings=1&unread_message=1&with_page_group=1,m2 note_5.1_weibo_5.1.0_android,application/json;charset=UTF-8
34EE9E10BF4CE2A94A4655A0F8802614,41035,57821,3gnet,013478,220.206.165.138,116.79.216.163,2015-08-17 23:00:56.933870,2015-08-17 23:07:53.836246,416,21655,7340,1,10.160.123.158,53472,17.143.161.92,5223,0,,,
8A0592DF2F83EED34EC1424CBF20D69B,40984,27021,3gnet,352066,220.206.165.69,116.79.216.164,2015-08-17 23:12:33.204267,2015-08-17 23:12:33.850884,0,272,168,1,10.160.174.36,49788,122.13.85.14,80,0,,,
8A0592DF2F83EED34EC1424CBF20D69B,40984,27021,3gnet,352066,220.206.165.69,116.79.216.164,2015-08-17 23:12:38.986982,2015-08-17 23:12:39.628338,0,272,168,1,10.160.174.36,49789,122.13.85.14,80,0,,,
DA900ADABD01FEF0BFC689FE179DB1C0,4302,35485,3gnet,354438,220.206.165.182,116.79.216.163,2015-08-17 23:12:25.130282,2015-08-17 23:12:41.559428,16,2567,8121,2,10.161.206.172,50467,17.167.194.236,443,0,,,
4B44B960F5E779D1929B3679D5E4D390,41039,12012,3gnet.mnc001.mcc460.gprs,868017,220.206.128.154,116.79.216.162,2015-08-17 23:12:43.988276,2015-08-17 23:12:51.752825,0,415,1085,1,10.163.93.175,6349,210.21.196.6,53,0,mp.weixin.qq.com,,
7C77330D0D448D7BA64746B6C0553642,1058,38745,3gnet,860365,220.206.128.64,116.79.216.163,2015-08-17 23:12:44.076208,2015-08-17 23:12:44.076208,0,179,0,2,10.160.204.88,59302,58.68.235.232,5222,0,,,
4B44B960F5E779D1929B3679D5E4D390,41039,12012,3gnet.mnc001.mcc460.gprs,868017,220.206.128.154,116.79.216.162,2015-08-17 23:12:44.781349,2015-08-17 23:12:58.002817,13,1057,858,1,10.163.93.175,44039,112.90.74.148,8080,0,,,
4B44B960F5E779D1929B3679D5E4D390,41039,12012,3gnet.mnc001.mcc460.gprs,868017,220.206.128.154,116.79.216.162,2015-08-17 23:12:07.986942,2015-08-17 23:12:44.851860,36,360,0,1,10.163.93.175,47351,221.5.107.16,80,0,,,
4B44B960F5E779D1929B3679D5E4D390,41039,12012,3gnet.mnc001.mcc460.gprs,868017,220.206.128.154,116.79.216.162,2015-08-17 23:12:07.981051,2015-08-17 23:12:44.921171,36,360,0,1,10.163.93.175,56666,221.5.107.16,80,0,,,
DA900ADABD01FEF0BFC689FE179DB1C0,4302,35485,3gnet,354438,220.206.165.182,116.79.216.163,2015-08-17 23:12:30.928512,2015-08-17 23:12:45.150896,14,567,6073,2,10.161.206.172,50472,17.167.194.148,443,0,,,
8A0592DF2F83EED34EC1424CBF20D69B,40984,27021,3gnet,352066,220.206.165.69,116.79.216.164,2015-08-17 23:12:45.767107,2015-08-17 23:12:46.315189,0,226,126,1,10.160.174.36,49226,17.110.228.15,5223,0,,,
DA900ADABD01FEF0BFC689FE179DB1C0,4302,35485,3gnet,354438,220.206.165.182,116.79.216.163,2015-08-17 23:12:30.928512,2015-08-17 23:12:46.318037,15,1647,6527,2,10.161.206.172,50473,17.167.194.148,443,0,,,
8A0592DF2F83EED34EC1424CBF20D69B,40984,27021,3gnet,352066,220.206.165.69,116.79.216.164,2015-08-17 23:12:45.880617,2015-08-17 23:12:46.544962,0,272,168,1,10.160.174.36,49790,122.13.85.14,80,0,,,
4B44B960F5E779D1929B3679D5E4D390,41039,12012,3gnet.mnc001.mcc460.gprs,868017,220.206.128.154,116.79.216.162,2015-08-17 23:12:45.782427,2015-08-17 23:12:47.202487,1,216,112,1,10.163.93.175,57950,163.177.83.192,8080,0,,,
4B44B960F5E779D1929B3679D5E4D390,41039,12012,3gnet.mnc001.mcc460.gprs,868017,220.206.128.154,116.79.216.162,2015-08-17 23:12:45.782426,2015-08-17 23:12:51.512537,12,11645,22493,1,10.163.93.175,49680,163.177.83.192,8080,200,http://163.177.83.192/encrypt?qbkey=60f1c9f4808fc078cc9b98aa726c747e,,application/octet-stream
4B44B960F5E779D1929B3679D5E4D390,41039,12012,3gnet.mnc001.mcc460.gprs,868017,220.206.128.154,116.79.216.162,2015-08-17 23:12:45.930541,2015-08-17 23:12:48.200544,2,4500,46589,1,10.163.93.175,55232,163.177.83.192,8080,200,http://t1.qpic.cn/mblogpic/03a927ac8546e327242a/460,Mozilla/5.0 (Linux; U; Android 5.1; zh-cn; m2 note Build/LMY47D) AppleWebKit/533.1 (KHTML, like Gecko)Version/4.0 MQQBrowser/5.4 TBS/025440 Mobile Safari/533.1 MicroMessenger/6.2.4.53_r843fb8e.600 NetType/3gnet Language/zh_CN,image/webp
8BE3C3173E01B788D49BE555D4E56C9B,41051,14411,3gnet,358776,116.79.243.57,116.79.216.163,2015-08-17 23:12:48.313982,2015-08-17 23:12:48.313982,0,174,0,1,10.165.52.165,50387,17.110.228.158,5223,0,,,
DA900ADABD01FEF0BFC689FE179DB1C0,4302,35485,3gnet,354438,220.206.165.182,116.79.216.163,2015-08-17 23:12:49.425062,2015-08-17 23:12:49.662549,0,813,483,2,10.161.206.172,50474,140.206.160.234,80,200,http://minorshort.weixin.qq.com/cgi-bin/micromsg-bin/rtkvreport,MicroMessenger Client,application/octet-stream
4B44B960F5E779D1929B3679D5E4D390,41039,12012,3gnet.mnc001.mcc460.gprs,868017,220.206.128.154,116.79.216.162,2015-08-17 23:12:51.016512,2015-08-17 23:12:51.346445,0,1079,428,1,10.163.93.175,45040,42.120.219.93,80,200,http://z4.cnzz.com/stat.htm?id=1255325896&r=&lg=zh-cn&ntime=none&cnzz_eid=461147000-1439819381-&showp=1080x1920&t=%E5%AE%9E%E6%8B%8D%3A%E9%87%8D%E5%BA%86%E7%99%BE%E4%BA%BF%E5%AF%8C%E8%B1%AA%E9%BB%91%E8%80%81%E5%A4%A7%E6%AD%BB%E5%88%91%EF%BC%8C%E6%9E%AA%E5%86%B3%E7%8E%B0%E5%9C%BA....&h=1&rnd=1663590351,Mozilla/5.0 (Linux; U; Android 5.1; zh-cn; m2 note Build/LMY47D) AppleWebKit/533.1 (KHTML, like Gecko)Version/4.0 MQQBrowser/5.4 TBS/025440 Mobile Safari/533.1 MicroMessenger/6.2.4.53_r843fb8e.600 NetType/3gnet Language/zh_CN,image/gif
4B44B960F5E779D1929B3679D5E4D390,41039,12012,3gnet.mnc001.mcc460.gprs,868017,220.206.128.154,116.79.216.162,2015-08-17 23:12:51.520627,2015-08-17 23:12:51.782829,0,962,813,1,10.163.93.175,47581,42.120.219.171,80,0,http://cnzz.mmstat.com/9.gif?abc=1&rnd=254984307,Mozilla/5.0 (Linux; U; Android 5.1; zh-cn; m2 note Build/LMY47D) AppleWebKit/533.1 (KHTML, like Gecko)Version/4.0 MQQBrowser/5.4 TBS/025440 Mobile Safari/533.1 MicroMessenger/6.2.4.53_r843fb8e.600 NetType/3gnet Language/zh_CN,
4B44B960F5E779D1929B3679D5E4D390,41039,12012,3gnet.mnc001.mcc460.gprs,868017,220.206.128.154,116.79.216.162,2015-08-17 23:12:51.820627,2015-08-17 23:12:52.067594,0,918,656,1,10.163.93.175,37854,42.120.219.171,80,200,http://pcookie.cnzz.com/app.gif?&cna=icNEDikUUwACAWUkXpmYxbSp,Mozilla/5.0 (Linux; U; Android 5.1; zh-cn; m2 note Build/LMY47D) AppleWebKit/533.1 (KHTML, like Gecko)Version/4.0 MQQBrowser/5.4 TBS/025440 Mobile Safari/533.1 MicroMessenger/6.2.4.53_r843fb8e.600 NetType/3gnet Language/zh_CN,image/gif
CD24BEE5684289F14C7C0DD13B7C6CB2,41025,57111,3gnet,356984,220.206.165.98,116.79.216.164,2015-08-17 23:12:52.661914,2015-08-17 23:12:52.661914,0,174,0,1,10.162.172.158,59425,17.110.229.148,5223,0,,,
DA900ADABD01FEF0BFC689FE179DB1C0,4302,35485,3gnet,354438,220.206.165.182,116.79.216.163,2015-08-17 23:12:52.470150,2015-08-17 23:12:52.780131,0,104,60,2,10.161.206.172,50476,17.143.161.223,5223,0,,,
DA900ADABD01FEF0BFC689FE179DB1C0,4302,35485,3gnet,354438,220.206.165.182,116.79.216.163,2015-08-17 23:12:52.675106,2015-08-17 23:12:52.988146,0,104,60,2,10.161.206.172,50477,17.143.161.165,5223,0,,,
4B44B960F5E779D1929B3679D5E4D390,41039,12012,3gnet.mnc001.mcc460.gprs,868017,220.206.128.154,116.79.216.162,2015-08-17 23:12:52.552678,2015-08-17 23:12:53.110664,0,11668,976,1,10.163.93.175,44566,111.206.25.147,8080,200,http://111.206.25.147:8080/,MQQBrowser,application/x-www-form-urlencoded
71532C35DEBC2A27061076C11CE5B015,41010,14912,3gnet,358363,220.206.165.217,116.79.216.164,2015-08-17 23:12:53.864937,2015-08-17 23:12:53.950966,0,1628,0,1,10.165.244.140,55400,17.110.225.204,5223,0,,,
CD24BEE5684289F14C7C0DD13B7C6CB2,41025,57111,3gnet,356984,220.206.165.98,116.79.216.164,2015-08-17 23:12:24.093805,2015-08-17 23:12:54.422694,30,922,3104,1,10.162.172.158,59491,17.172.239.131,5223,0,,,
B2AF02BDFEB310333AB15A4AE9BFE820,1085,12292,3gnet,013142,220.206.165.50,116.79.216.164,2015-08-17 22:01:13.001721,2015-08-17 23:13:14.661918,4321,208,312,2,10.163.48.77,54817,58.251.61.155,80,200,http://comet2.music.qq.com/listen/070e80b2058dd4eea02490e1ba569f87?uin=243573498&keepalive=270&client_type=2&guid=665d6f3b345c5117c4672e86756a83d6505c2f16&client_version=50203&key_type=2&callback=iphone&format=1&key=000155d1c52a0058b586751b9a8658d3432855ceb0e3b0233b3c4cafa7524602dfa2c6bc08b7dc304abf8df5a01d359042795475b3743417b2abc8b1426b0d6252b652476c0e8ecdb2caf9f4a98f3ab2bce2e7b96564668b95310414a952e2fe&mode=2&msg_seq_id=0,QQMusiciPhone,text/html; charset=utf-8
2BC821EC45610E51E3B1165D1F10AB62,41009,50622,3gnet,866769,220.206.165.103,116.79.216.164,2015-08-17 23:12:55.062543,2015-08-17 23:12:55.066310,0,61,106,1,10.164.241.197,1156,210.21.196.6,53,0,mdap.alipay.com,,
DA900ADABD01FEF0BFC689FE179DB1C0,4302,35485,3gnet,354438,220.206.165.182,116.79.216.163,2015-08-17 23:25:31.847272,2015-08-17 23:25:33.724542,1,1670,5378,2,10.161.206.172,50787,17.167.194.149,443,0,,,
4F29927715C8B2761B239F4312C350DD,41066,19811,3GNET,356997,116.79.243.136,116.79.216.163,2015-08-17 23:25:33.767445,2015-08-17 23:25:33.767482,0,1804,0,1,10.160.86.96,49205,17.143.160.95,5223,0,,,
DA900ADABD01FEF0BFC689FE179DB1C0,4302,35485,3gnet,354438,220.206.165.182,116.79.216.163,2015-08-17 23:25:33.667345,2015-08-17 23:25:33.987305,0,377,336,2,10.161.206.172,50789,180.150.181.14,10000,0,,,
