A1257A32F9D9B61BCBBF9DFA8EF32AAE,4322,57088,3gnet,358027,220.206.128.148,220.206.184.195,2015-08-07 00:12:22.695544,2015-08-07 00:12:23.068250,0,76,76,2,172.25.41.80,123,17.253.84.251,123,0,,,
832FAEC72CAEA61C4A1FD9C4BD938776,40977,24921,3GNET,359308,220.206.165.220,220.206.184.196,2015-08-07 00:17:04.014023,2015-08-07 00:17:04.016604,0,66,82,1,172.21.162.108,50642,210.21.196.6,53,0,col402-m.hotmail.com,,
0BB8388DB10F64DA33F142CE65FB2327,41082,15013,3gnet,012753,220.206.165.232,220.206.184.200,2015-08-07 00:17:04.389888,2015-08-07 00:17:05.148755,0,278,230,1,172.29.155.63,50818,17.110.224.143,5223,0,,,
0BB8388DB10F64DA33F142CE65FB2327,41082,15013,3gnet,012753,220.206.165.232,220.206.184.200,2015-08-07 00:17:04.389786,2015-08-07 00:17:04.402308,0,368,756,1,172.29.155.63,53644,210.21.196.6,53,0,apple.com,,
BC49B80594E92CF4027ED6528D46513A,41044,21131,3gnet,358851,220.206.165.132,220.206.184.202,2015-08-07 00:17:12.007748,2015-08-07 00:17:12.494934,0,123,58,1,172.27.60.215,36936,123.125.106.168,4839,0,,,
6D088795A31539940A439E7155610458,41208,20021,3gnet,359540,220.206.128.151,220.206.184.194,2015-08-07 00:17:14.708681,2015-08-07 00:17:14.853513,0,289,75,1,172.26.128.158,37034,111.206.200.2,5222,0,,,
BC49B80594E92CF4027ED6528D46513A,41044,21131,3gnet,358851,220.206.165.132,220.206.184.202,2015-08-07 00:17:15.351012,2015-08-07 00:17:15.357633,0,127,207,1,172.27.60.215,63432,210.21.196.6,53,0,sdk.open.phone.igexin.com,,
F255D00E973B6C06E7985703E460370A,41010,14121,3gnet,358763,220.206.128.166,220.206.184.201,2015-08-07 00:17:17.328861,2015-08-07 00:17:34.663559,0,191,564,1,172.29.156.216,55579,210.21.196.6,53,0,tile.is.autonavi.com,,
F255D00E973B6C06E7985703E460370A,41010,14121,3gnet,358763,220.206.128.166,220.206.184.201,2015-08-07 00:17:17.328922,2015-08-07 00:17:18.088540,0,278,230,1,172.29.156.216,57685,17.110.228.139,5223,0,,,
F255D00E973B6C06E7985703E460370A,41010,14121,3gnet,358763,220.206.128.166,220.206.184.201,2015-08-07 00:17:17.808593,2015-08-07 00:17:18.102208,0,689,1185,1,172.29.156.216,59369,124.160.175.165,8080,200,http://dns.weixin.qq.com/cgi-bin/micromsg-bin/newgetdns?uin=171492400&clientversion=369230611&scene=0&net=2&md5=12a67ac3286a1c91f963629df13bff8b&devicetype=iPhone+OS7.1.1&lan=zh_CN&sigver=1,MicroMessenger Client,
6D088795A31539940A439E7155610458,41208,20021,3gnet,359540,220.206.128.151,220.206.184.194,2015-08-07 00:17:18.134391,2015-08-07 00:17:18.264341,0,289,75,1,172.26.128.158,41249,111.206.200.2,5222,0,,,
F255D00E973B6C06E7985703E460370A,41010,14121,3gnet,358763,220.206.128.166,220.206.184.201,2015-08-07 00:17:18.108661,2015-08-07 00:17:18.538667,0,1052,6564,1,172.29.156.216,59371,58.251.61.175,80,200,http://szshort.weixin.qq.com/cgi-bin/micromsg-bin/newsync,MicroMessenger Client,application/octet-stream
F255D00E973B6C06E7985703E460370A,41010,14121,3gnet,358763,220.206.128.166,220.206.184.201,2015-08-07 00:17:18.908605,2015-08-07 00:17:19.238682,0,705,479,1,172.29.156.216,59373,58.251.61.175,80,200,http://szextshort.weixin.qq.com/cgi-bin/micromsg-bin/oplog,MicroMessenger Client,application/octet-stream
F255D00E973B6C06E7985703E460370A,41010,14121,3gnet,358763,220.206.128.166,220.206.184.201,2015-08-07 00:17:17.428521,2015-08-07 00:17:19.248561,1,1386,13179,1,172.29.156.216,59368,119.167.231.20,80,200,http://tile.is.autonavi.com/resources-3.cn,GeoServices/702.71 CFNetwork/672.1.14 Darwin/14.0.0,application/x-protobuf
F255D00E973B6C06E7985703E460370A,41010,14121,3gnet,358763,220.206.128.166,220.206.184.201,2015-08-07 00:17:18.888599,2015-08-07 00:17:19.278606,0,951,1234,1,172.29.156.216,59372,58.251.61.175,80,200,http://szextshort.weixin.qq.com/cgi-bin/micromsg-bin/mmsnssync,MicroMessenger Client,application/octet-stream
F255D00E973B6C06E7985703E460370A,41010,14121,3gnet,358763,220.206.128.166,220.206.184.201,2015-08-07 00:17:19.038825,2015-08-07 00:17:19.368626,0,620,6611,1,172.29.156.216,59374,112.90.77.187,80,200,http://wx.qlogo.cn/mmhead/ver_1/pZzQEHw9jSbtuOBhYQV9gAZe0LPY1XWBLic9pTNOeEg7uIXN2YBmqpXqytA0Y9YjnmibmY13RrLR45bh4f333kkZK1CHqCG3F4Wbe4WWicHdr4/132,Mozilla/4.0,image/jpeg
F255D00E973B6C06E7985703E460370A,41010,14121,3gnet,358763,220.206.128.166,220.206.184.201,2015-08-07 00:17:19.558606,2015-08-07 00:17:19.858659,0,782,1735,1,172.29.156.216,59376,58.251.61.175,80,200,http://szextshort.weixin.qq.com/cgi-bin/micromsg-bin/mmsnsobjectdetail,MicroMessenger Client,application/octet-stream
F255D00E973B6C06E7985703E460370A,41010,14121,3gnet,358763,220.206.128.166,220.206.184.201,2015-08-07 00:17:19.518658,2015-08-07 00:17:19.888560,0,788,2407,1,172.29.156.216,59375,58.251.61.175,80,200,http://szextshort.weixin.qq.com/cgi-bin/micromsg-bin/mmsnspreloadingtimeline,MicroMessenger Client,application/octet-stream
F255D00E973B6C06E7985703E460370A,41010,14121,3gnet,358763,220.206.128.166,220.206.184.201,2015-08-07 00:17:21.838691,2015-08-07 00:17:22.184452,0,711,479,1,172.29.156.216,59380,58.251.61.175,80,200,http://szextshort.weixin.qq.com/cgi-bin/micromsg-bin/getpackagelist,MicroMessenger Client,application/octet-stream
4B9C94A29188D785329BBC241206B795,4318,42926,3gnet,359255,220.206.165.20,220.206.184.200,2015-08-07 00:17:22.241473,2015-08-07 00:17:22.241473,0,52,0,2,172.27.170.158,52721,124.160.175.165,443,0,,,
F255D00E973B6C06E7985703E460370A,41010,14121,3gnet,358763,220.206.128.166,220.206.184.201,2015-08-07 00:17:19.988793,2015-08-07 00:17:22.308862,2,1280,13174,1,172.29.156.216,59377,111.161.111.124,80,200,http://mmsns.qpic.cn/mmsns/G7XpJG55n8J4P0cEVjDwphSsyQ3x23AvKl2nkRKgJaaibCK9c8ricPXSIOTSm7ZTZc21ahEHITuBw/150?tp=webp&length=1136&width=640,WeChat/6.2.3.19 CFNetwork/672.1.14 Darwin/14.0.0,image/webp
F255D00E973B6C06E7985703E460370A,41010,14121,3gnet,358763,220.206.128.166,220.206.184.201,2015-08-07 00:17:19.998584,2015-08-07 00:17:22.308927,2,693,3527,1,172.29.156.216,59379,111.161.111.124,80,200,http://mmsns.qpic.cn/mmsns/dibCvqHg4Wneqibia02ibwhGkicspMqJF8ibp3hxZBywWexV26besUyXq9IW6BheObxQB6r0weX5sr5m4/150?tp=webp&length=1136&width=640,WeChat/6.2.3.19 CFNetwork/672.1.14 Darwin/14.0.0,image/webp
F255D00E973B6C06E7985703E460370A,41010,14121,3gnet,358763,220.206.128.166,220.206.184.201,2015-08-07 00:17:19.988793,2015-08-07 00:17:22.318841,2,1090,23575,1,172.29.156.216,59378,111.161.111.124,80,200,http://mmsns.qpic.cn/mmsns/Y3WgNLFjO0c7icfarTHHrb20n0NfhRqicCvnCBYcw5QWSWd5zPdmWgeP3KaJeAomxqUQ5O2Zia01bY/150?tp=webp&length=1136&width=640,WeChat/6.2.3.19 CFNetwork/672.1.14 Darwin/14.0.0,image/webp
6D088795A31539940A439E7155610458,41208,20021,3gnet,359540,220.206.128.151,220.206.184.194,2015-08-07 00:17:22.394296,2015-08-07 00:17:22.446865,0,54,40,1,172.26.128.158,39327,113.31.17.125,3001,0,,,
6D088795A31539940A439E7155610458,41208,20021,3gnet,359540,220.206.128.151,220.206.184.194,2015-08-07 00:17:23.144512,2015-08-07 00:17:23.144512,0,1029,0,1,172.26.128.158,50493,140.205.160.94,80,0,,,
BC49B80594E92CF4027ED6528D46513A,41044,21131,3gnet,358851,220.206.165.132,220.206.184.202,2015-08-07 00:17:23.872184,2015-08-07 00:17:24.291726,0,207,302,1,172.27.60.215,34153,112.90.140.220,14000,0,,,
72DDA4D295311C66CD5262D52F0822DE,41049,11534,3gnet,864055,220.206.128.155,220.206.184.196,2015-08-07 00:17:31.559269,2015-08-07 00:17:31.636451,0,120,68,1,172.26.209.241,60855,163.177.89.180,443,0,,,
F255D00E973B6C06E7985703E460370A,41010,14121,3gnet,358763,220.206.128.166,220.206.184.201,2015-08-07 00:17:31.192368,2015-08-07 00:17:32.231102,1,642,7804,1,172.29.156.216,59381,112.90.77.187,80,200,http://wx.qlogo.cn/mmhead/ver_1/MHbZXiadNadzibgs2EEd94gBibp0YVMgXdY5D1t6nJ191FOlOwsmmp0QHtUiaowO87HHoQSzE4tRy4NicJPRDzibBCmw/132,Mozilla/4.0,image/jpeg
F255D00E973B6C06E7985703E460370A,41010,14121,3gnet,358763,220.206.128.166,220.206.184.201,2015-08-07 00:17:31.316199,2015-08-07 00:17:32.251017,0,629,3533,1,172.29.156.216,59382,112.90.83.48,80,200,http://wx.qlogo.cn/mmhead/ver_1/CKD97mNW5eeRjD3AZpBQP36Ce3LFgM4Y8bQ9lHlUzZLssibyIKm5O3nZnE3kzdpSXMh89wmaMq2vgh2bCFTsbKw/132,Mozilla/4.0,image/jpeg
F255D00E973B6C06E7985703E460370A,41010,14121,3gnet,358763,220.206.128.166,220.206.184.201,2015-08-07 00:17:32.291107,2015-08-07 00:17:32.661005,0,769,1218,1,172.29.156.216,59383,58.251.61.175,80,200,http://szshort.weixin.qq.com/cgi-bin/micromsg-bin/getcontact,MicroMessenger Client,application/octet-stream
F255D00E973B6C06E7985703E460370A,41010,14121,3gnet,358763,220.206.128.166,220.206.184.201,2015-08-07 00:17:32.411226,2015-08-07 00:17:33.056278,0,882,5232,1,172.29.156.216,59384,58.251.61.175,80,200,http://szextshort.weixin.qq.com/cgi-bin/micromsg-bin/mmsnsuserpage,MicroMessenger Client,application/octet-stream
F255D00E973B6C06E7985703E460370A,41010,14121,3gnet,358763,220.206.128.166,220.206.184.201,2015-08-07 00:17:34.480984,2015-08-07 00:17:35.140996,0,809,544,1,172.29.156.216,59387,58.251.61.175,80,200,http://szextshort.weixin.qq.com/cgi-bin/micromsg-bin/mmsnsuserpage,MicroMessenger Client,application/octet-stream
F255D00E973B6C06E7985703E460370A,41010,14121,3gnet,358763,220.206.128.166,220.206.184.201,2015-08-07 00:17:33.221087,2015-08-07 00:17:35.591054,2,709,4034,1,172.29.156.216,59386,111.161.111.124,80,200,http://mmsns.qpic.cn/mmsns/SXryYH6DzybDaRxkMpB1B0HHqMygfYsePg9PNGrAnmmzLew6GOaERjic8gzO1OqOwuPHVylf8PGw/150?tp=webp&length=1136&width=640,WeChat/6.2.3.19 CFNetwork/672.1.14 Darwin/14.0.0,image/webp
C1FF0C8F8B0EC917DB68C070286BFECC,41010,50222,3gnet,358562,220.206.165.20,220.206.184.194,2015-08-07 00:17:35.869638,2015-08-07 00:17:59.769463,0,703,1581,1,172.28.249.62,62284,210.21.196.6,53,0,www.apple.com,,
F255D00E973B6C06E7985703E460370A,41010,14121,3gnet,358763,220.206.128.166,220.206.184.201,2015-08-07 00:17:34.771263,2015-08-07 00:17:36.681043,1,717,5658,1,172.29.156.216,59389,125.39.213.117,80,200,http://mmsns.qpic.cn/mmsns/SXryYH6DzybDaRxkMpB1B0HHqMygfYsekHH6hF8CUwvb2Q5NdNYlXrQuUKMtGM1Zjcq91pic8nfU/150,WeChat/6.2.3.19 CFNetwork/672.1.14 Darwin/14.0.0,image/jpeg
F255D00E973B6C06E7985703E460370A,41010,14121,3gnet,358763,220.206.128.166,220.206.184.201,2015-08-07 00:17:34.761181,2015-08-07 00:17:36.691069,1,717,5651,1,172.29.156.216,59388,125.39.213.117,80,200,http://mmsns.qpic.cn/mmsns/SXryYH6DzybDaRxkMpB1B0HHqMygfYseMm9kWRfaLGAa5FJdrok503HiaxSy0dTxBF7MtYrcWYJ8/150,WeChat/6.2.3.19 CFNetwork/672.1.14 Darwin/14.0.0,image/jpeg
F255D00E973B6C06E7985703E460370A,41010,14121,3gnet,358763,220.206.128.166,220.206.184.201,2015-08-07 00:17:33.221087,2015-08-07 00:17:36.701035,3,2174,55636,1,172.29.156.216,59385,111.161.111.124,80,200,http://mmsns.qpic.cn/mmsns/SXryYH6DzybDaRxkMpB1B0HHqMygfYseia2miaiba1GFSlniaCsiaf1KNyaeEC0uBYpVicXbYhN7kTlPg/150?tp=webp&length=1136&width=640,WeChat/6.2.3.19 CFNetwork/672.1.14 Darwin/14.0.0,image/webp
C1FF0C8F8B0EC917DB68C070286BFECC,41010,50222,3gnet,358562,220.206.165.20,220.206.184.194,2015-08-07 00:17:36.771354,2015-08-07 00:17:37.067091,0,688,1178,1,172.28.249.62,60308,124.160.175.165,80,0,http://dns.weixin.qq.com/cgi-bin/micromsg-bin/newgetdns?uin=2230868716&clientversion=369230865&scene=0&net=2&md5=12a67ac3286a1c91f963629df13bff8b&devicetype=iPhone+OS8.4&lan=zh_CN&sigver=1,MicroMessenger Client,
C1FF0C8F8B0EC917DB68C070286BFECC,41010,50222,3gnet,358562,220.206.165.20,220.206.184.194,2015-08-07 00:17:37.105342,2015-08-07 00:17:37.758318,0,1216,14193,1,172.28.249.62,60310,112.90.74.149,80,200,http://szshort.weixin.qq.com/cgi-bin/micromsg-bin/newsync,MicroMessenger Client,application/octet-stream
C1FF0C8F8B0EC917DB68C070286BFECC,41010,50222,3gnet,358562,220.206.165.20,220.206.184.194,2015-08-07 00:17:38.167486,2015-08-07 00:17:38.464105,0,1119,12924,1,172.28.249.62,60311,112.90.74.149,80,200,http://szshort.weixin.qq.com/cgi-bin/micromsg-bin/receiveemoji,MicroMessenger Client,application/octet-stream
C1FF0C8F8B0EC917DB68C070286BFECC,41010,50222,3gnet,358562,220.206.165.20,220.206.184.194,2015-08-07 00:17:38.395555,2015-08-07 00:17:38.873400,0,1146,12359,1,172.28.249.62,60312,112.90.74.149,80,200,http://szextshort.weixin.qq.com/cgi-bin/micromsg-bin/batchgetheadimg,MicroMessenger Client,application/octet-stream
F255D00E973B6C06E7985703E460370A,41010,14121,3gnet,358763,220.206.128.166,220.206.184.201,2015-08-07 00:17:37.191087,2015-08-07 00:17:39.471151,2,877,13391,1,172.29.156.216,59391,111.161.111.117,80,200,http://mmsns.qpic.cn/mmsns/SXryYH6DzybDaRxkMpB1B8J1cjGsyGbtyMkxdwkhmjM9buxvTUdwl3iaBdjPOIsufbw3Sy0nZtow/150,WeChat/6.2.3.19 CFNetwork/672.1.14 Darwin/14.0.0,image/jpeg
F255D00E973B6C06E7985703E460370A,41010,14121,3gnet,358763,220.206.128.166,220.206.184.201,2015-08-07 00:17:37.151083,2015-08-07 00:17:39.481109,2,956,19820,1,172.29.156.216,59390,111.161.111.117,80,200,http://mmsns.qpic.cn/mmsns/SXryYH6DzybDaRxkMpB1B1PmfrKwxnl7vh5JLGLcnYjU0BHDpfVgHpyY33dPQBkspMY0jbdgrug/150,WeChat/6.2.3.19 CFNetwork/672.1.14 Darwin/14.0.0,image/jpeg
C1FF0C8F8B0EC917DB68C070286BFECC,41010,50222,3gnet,358562,220.206.165.20,220.206.184.194,2015-08-07 00:17:39.371551,2015-08-07 00:17:39.624546,0,796,1595,1,172.28.249.62,60313,112.90.74.149,80,200,http://szextshort.weixin.qq.com/cgi-bin/micromsg-bin/mmsnssync,MicroMessenger Client,application/octet-stream
C1FF0C8F8B0EC917DB68C070286BFECC,41010,50222,3gnet,358562,220.206.165.20,220.206.184.194,2015-08-07 00:17:39.697566,2015-08-07 00:17:39.996385,0,844,4656,1,172.28.249.62,60314,112.90.74.149,80,200,http://szextshort.weixin.qq.com/cgi-bin/micromsg-bin/mmsnspreloadingtimeline,MicroMessenger Client,application/octet-stream
6D088795A31539940A439E7155610458,41208,20021,3gnet,359540,220.206.128.151,220.206.184.194,2015-08-07 00:12:14.477064,2015-08-07 00:13:00.285663,45,838,89,1,172.26.128.158,9909,119.188.156.67,8000,0,,,
4B9C94A29188D785329BBC241206B795,4318,42926,3gnet,359255,220.206.165.20,220.206.184.200,2015-08-07 00:17:41.365669,2015-08-07 00:17:41.365669,0,40,0,2,172.27.170.158,52720,140.207.123.162,8080,0,,,
C1FF0C8F8B0EC917DB68C070286BFECC,41010,50222,3gnet,358562,220.206.165.20,220.206.184.194,2015-08-07 00:17:40.255470,2015-08-07 00:17:42.235694,1,730,3557,1,172.28.249.62,60317,111.161.111.123,80,200,http://mmsns.qpic.cn/mmsns/jRoggJ2RF3Auib5XeSGWutusgHbBLJd1dPRJ5W0fhkNzEW1VxbNfWoibzAU0aloycYINRzCfaicahQ/150?tp=webp&length=1136&width=640,WeChat/6.2.4.17 CFNetwork/711.4.6 Darwin/14.0.0,image/webp
C1FF0C8F8B0EC917DB68C070286BFECC,41010,50222,3gnet,358562,220.206.165.20,220.206.184.194,2015-08-07 00:17:42.755608,2015-08-07 00:17:42.998539,0,2020,617,1,172.28.249.62,60318,163.177.83.213,80,200,http://szminorshort.weixin.qq.com/cgi-bin/micromsg-bin/reportkvcomm,MicroMessenger Client,application/octet-stream
6D088795A31539940A439E7155610458,41208,20021,3gnet,359540,220.206.128.151,220.206.184.194,2015-08-07 00:17:43.290082,2015-08-07 00:17:43.428949,0,120,68,1,172.26.128.158,49593,140.207.123.162,443,0,,,
6D088795A31539940A439E7155610458,41208,20021,3gnet,359540,220.206.128.151,220.206.184.194,2015-08-07 00:17:43.290118,2015-08-07 00:17:43.438923,0,116,76,1,172.26.128.158,46109,121.52.243.134,8100,0,,,
4B9C94A29188D785329BBC241206B795,4318,42926,3gnet,359255,220.206.165.20,220.206.184.200,2015-08-07 00:01:18.613585,2015-08-07 00:18:04.328393,1005,17674,33140,2,172.27.170.158,52718,17.110.226.209,5223,0,,,
6D088795A31539940A439E7155610458,41208,20021,3gnet,359540,220.206.128.151,220.206.184.194,2015-08-07 00:13:05.295856,2015-08-07 00:13:05.345180,0,76,83,1,172.26.128.158,9909,119.188.156.67,8001,0,,,
C1FF0C8F8B0EC917DB68C070286BFECC,41010,50222,3gnet,358562,220.206.165.20,220.206.184.194,2015-08-07 00:17:42.927710,2015-08-07 00:17:45.403696,2,731,6743,1,172.28.249.62,60319,111.161.111.123,80,200,http://mmsns.qpic.cn/mmsns/jRoggJ2RF3Auib5XeSGWutusgHbBLJd1dTF5UD5Uic1EuSlnTdGZBiacxRKQzHDSic8n18MP0Te7e2w/150?tp=webp&length=1136&width=640,WeChat/6.2.4.17 CFNetwork/711.4.6 Darwin/14.0.0,image/webp
C1FF0C8F8B0EC917DB68C070286BFECC,41010,50222,3gnet,358562,220.206.165.20,220.206.184.194,2015-08-07 00:17:40.219649,2015-08-07 00:17:45.423746,5,3038,31699,1,172.28.249.62,60316,111.161.111.123,80,200,http://mmsns.qpic.cn/mmsns/FVLz6RrRSPbZ7fkBpYNvIOngic7ria5iajXDzKClowJJJ6CBl3w8Xsj7f044xjnXcNgPdyAt7LwJ5c/150?tp=webp&length=1136&width=640,WeChat/6.2.4.17 CFNetwork/711.4.6 Darwin/14.0.0,image/webp
C1FF0C8F8B0EC917DB68C070286BFECC,41010,50222,3gnet,358562,220.206.165.20,220.206.184.194,2015-08-07 00:17:39.805490,2015-08-07 00:17:46.513739,6,5297,63959,1,172.28.249.62,60315,111.161.111.123,80,200,http://mmsns.qpic.cn/mmsns/Xmnun9Io49QagOD6ibqHOqvniajKW9riblOflkicicMj2eEnSE8H9DoHGYNpcbeKDddfX7sMH0YjhpU0/150?tp=webp&length=1136&width=640,WeChat/6.2.4.17 CFNetwork/711.4.6 Darwin/14.0.0,image/webp
6D088795A31539940A439E7155610458,41208,20021,3gnet,359540,220.206.128.151,220.206.184.194,2015-08-07 00:13:10.436158,2015-08-07 00:13:10.484657,0,76,83,1,172.26.128.158,9909,119.188.156.77,8000,0,,,
6D088795A31539940A439E7155610458,41208,20021,3gnet,359540,220.206.128.151,220.206.184.194,2015-08-07 00:13:10.576051,2015-08-07 00:13:10.634130,0,76,83,1,172.26.128.158,9909,119.188.156.77,8001,0,,,
F255D00E973B6C06E7985703E460370A,41010,14121,3gnet,358763,220.206.128.166,220.206.184.201,2015-08-07 00:17:51.345053,2015-08-07 00:17:52.665193,1,896,3643,1,172.29.156.216,59392,58.251.61.175,80,200,http://szextshort.weixin.qq.com/cgi-bin/micromsg-bin/mmsnstimeline,MicroMessenger Client,application/octet-stream
4B9C94A29188D785329BBC241206B795,4318,42926,3gnet,359255,220.206.165.20,220.206.184.200,2015-08-07 00:18:06.467204,2015-08-07 00:18:06.467204,0,56,0,2,172.27.170.158,0,210.21.196.6,0,0,,,
44208A7A170E4065BD5A2673BF2967A6,41018,13732,3GNET,352075,220.206.165.220,220.206.184.202,2015-08-07 00:16:55.019283,2015-08-07 00:17:59.755211,64,220,164,1,172.27.224.172,56359,163.177.84.144,443,0,,,
F255D00E973B6C06E7985703E460370A,41010,14121,3gnet,358763,220.206.128.166,220.206.184.201,2015-08-07 00:17:59.393315,2015-08-07 00:18:00.438510,1,683,8891,1,172.29.156.216,59393,112.90.77.187,80,200,http://wx.qlogo.cn/mmhead/ver_1/5x7n4fcibbicrf0remJibBibeGO37OWqX1omSOyHK46KhZnk1xPCA8IhnnK2UKibu3GKQXfPtPhmkicH8g48JBDicWjjA/132,Mozilla/4.0,image/jpeg
3F3C7D0353553188008BC0025AA3F62E,41050,16432,3gnet,356960,116.79.243.148,220.206.184.201,2015-08-07 00:18:01.542369,2015-08-07 00:18:01.865297,0,1746,104,1,172.26.229.34,55602,17.110.226.147,5223,0,,,
C1FF0C8F8B0EC917DB68C070286BFECC,41010,50222,3gnet,358562,220.206.165.20,220.206.184.194,2015-08-07 00:17:59.849134,2015-08-07 00:18:01.597144,1,1081,4876,1,172.28.249.62,60320,17.167.192.151,443,0,,,
573A2B3BEA245C0C4FE1EE48C5E99130,41011,12523,3gnet,354438,220.206.165.135,220.206.184.195,2015-08-07 00:18:03.009232,2015-08-07 00:18:10.892732,7,826,666,1,172.27.3.36,49811,17.143.164.85,5223,0,,,
C1FF0C8F8B0EC917DB68C070286BFECC,41010,50222,3gnet,358562,220.206.165.20,220.206.184.194,2015-08-07 00:18:01.203210,2015-08-07 00:18:03.200578,1,1609,5244,1,172.28.249.62,60321,17.167.192.151,443,0,,,
F255D00E973B6C06E7985703E460370A,41010,14121,3gnet,358763,220.206.128.166,220.206.184.201,2015-08-07 00:18:03.518569,2015-08-07 00:18:03.938476,0,793,479,1,172.29.156.216,59394,58.251.61.175,80,200,http://szextshort.weixin.qq.com/cgi-bin/micromsg-bin/clickcommand,MicroMessenger Client,application/octet-stream
F255D00E973B6C06E7985703E460370A,41010,14121,3gnet,358763,220.206.128.166,220.206.184.201,2015-08-07 00:18:03.518569,2015-08-07 00:18:04.123763,0,745,560,1,172.29.156.216,59395,58.251.61.175,80,200,http://szextshort.weixin.qq.com/cgi-bin/mmbiz-bin/bizattr/bizattrsync,MicroMessenger Client,application/octet-stream
4B9C94A29188D785329BBC241206B795,4318,42926,3gnet,359255,220.206.165.20,220.206.184.200,2015-08-07 00:18:05.663098,2015-08-07 00:18:08.345988,0,124,231,2,172.27.170.158,53222,210.21.196.6,53,0,short.weixin.qq.com,,
3A940AA2FA97FDC60E331082F38F511E,41027,19111,3gnet,860111,220.206.165.24,220.206.184.196,2015-08-07 00:15:31.480838,2015-08-07 00:18:05.816493,154,4006,6698,1,172.26.167.44,53945,23.97.186.233,443,0,,,
F255D00E973B6C06E7985703E460370A,41010,14121,3gnet,358763,220.206.128.166,220.206.184.201,2015-08-07 00:18:05.708538,2015-08-07 00:18:06.098546,0,793,479,1,172.29.156.216,59396,58.251.61.175,80,200,http://szextshort.weixin.qq.com/cgi-bin/micromsg-bin/clickcommand,MicroMessenger Client,application/octet-stream
F255D00E973B6C06E7985703E460370A,41010,14121,3gnet,358763,220.206.128.166,220.206.184.201,2015-08-07 00:18:05.888597,2015-08-07 00:18:06.173656,0,741,479,1,172.29.156.216,59397,58.251.61.175,80,200,http://szextshort.weixin.qq.com/cgi-bin/micromsg-bin/clickcommand,MicroMessenger Client,application/octet-stream
6D088795A31539940A439E7155610458,41208,20021,3gnet,359540,220.206.128.151,220.206.184.194,2015-08-07 00:18:08.113457,2015-08-07 00:18:08.113457,0,153,0,1,172.26.128.158,40857,42.156.156.129,5000,0,,,
F255D00E973B6C06E7985703E460370A,41010,14121,3gnet,358763,220.206.128.166,220.206.184.201,2015-08-07 00:18:09.558640,2015-08-07 00:18:09.948686,0,721,423,1,172.29.156.216,59398,58.251.61.175,80,200,http://szextshort.weixin.qq.com/cgi-bin/micromsg-bin/clickcommand,MicroMessenger Client,application/octet-stream
F255D00E973B6C06E7985703E460370A,41010,14121,3gnet,358763,220.206.128.166,220.206.184.201,2015-08-07 00:18:11.578814,2015-08-07 00:18:12.030989,0,3780,685,1,172.29.156.216,59399,220.249.243.39,80,200,http://szminorshort.weixin.qq.com/cgi-bin/micromsg-bin/reportkvcomm,MicroMessenger Client,application/octet-stream
C1FF0C8F8B0EC917DB68C070286BFECC,41010,50222,3gnet,358562,220.206.165.20,220.206.184.194,2015-08-07 00:18:15.268496,2015-08-07 00:18:15.639620,0,104,52,1,172.28.249.62,60325,17.167.194.148,443,0,,,
C1FF0C8F8B0EC917DB68C070286BFECC,41010,50222,3gnet,358562,220.206.165.20,220.206.184.194,2015-08-07 00:18:15.268412,2015-08-07 00:18:15.753676,0,208,104,1,172.28.249.62,60324,17.167.192.149,443,0,,,
C1FF0C8F8B0EC917DB68C070286BFECC,41010,50222,3gnet,358562,220.206.165.20,220.206.184.194,2015-08-07 00:18:15.268412,2015-08-07 00:18:15.943666,0,312,156,1,172.28.249.62,60323,17.167.194.123,443,0,,,
C1FF0C8F8B0EC917DB68C070286BFECC,41010,50222,3gnet,358562,220.206.165.20,220.206.184.194,2015-08-07 00:18:15.268373,2015-08-07 00:18:16.919786,1,1249,4980,1,172.28.249.62,60322,17.167.192.151,443,0,,,
C1FF0C8F8B0EC917DB68C070286BFECC,41010,50222,3gnet,358562,220.206.165.20,220.206.184.194,2015-08-07 00:18:16.513688,2015-08-07 00:18:18.565118,2,1724,10878,1,172.28.249.62,60326,17.167.192.151,443,0,,,
D0DC8FB431BDC2D526F5441352E099BF,41072,53712,3gnet,359264,220.206.165.99,220.206.184.197,2015-08-07 00:18:19.393695,2015-08-07 00:18:20.862351,1,194,450,1,172.21.36.189,55784,17.143.161.20,5223,0,,,
3F3C7D0353553188008BC0025AA3F62E,41050,16432,3gnet,356960,116.79.243.148,220.206.184.201,2015-08-07 00:18:23.330767,2015-08-07 00:18:23.730912,0,882,1761,1,172.26.229.34,56201,58.251.61.175,80,200,http://szextshort.weixin.qq.com/cgi-bin/micromsg-bin/mmsnssync,MicroMessenger Client,application/octet-stream
4B9C94A29188D785329BBC241206B795,4318,42926,3gnet,359255,220.206.165.20,220.206.184.200,2015-08-07 00:18:29.424545,2015-08-07 00:18:29.424545,0,52,0,2,172.27.170.158,52721,124.160.175.165,443,0,,,
3F3C7D0353553188008BC0025AA3F62E,41050,16432,3gnet,356960,116.79.243.148,220.206.184.201,2015-08-07 00:18:30.600901,2015-08-07 00:18:30.961054,0,866,1761,1,172.26.229.34,56202,58.251.61.175,80,200,http://szextshort.weixin.qq.com/cgi-bin/micromsg-bin/mmsnssync,MicroMessenger Client,application/octet-stream
E4235685AF1DDD8870BDE2E5F195B636,41016,45421,3GNET,013140,116.79.243.37,220.206.184.196,2015-08-06 23:57:01.813338,2015-08-07 00:13:51.923855,1010,1180,1884,1,172.29.45.238,4500,104.236.140.71,4500,0,,,
4B9C94A29188D785329BBC241206B795,4318,42926,3gnet,359255,220.206.165.20,220.206.184.200,2015-08-07 00:18:05.647876,2015-08-07 00:18:34.523935,28,376,164,2,172.27.170.158,52722,140.206.160.212,443,0,,,
44208A7A170E4065BD5A2673BF2967A6,41018,13732,3GNET,352075,220.206.165.220,220.206.184.202,2015-08-07 00:17:59.750385,2015-08-07 00:18:34.895398,35,272,176,1,172.27.224.172,56360,163.177.84.144,443,0,,,
6D088795A31539940A439E7155610458,41208,47821,3gnet,359540,220.206.165.30,220.206.184.194,2015-08-06 17:07:27.966174,2015-08-07 00:18:58.024012,25890,636,324,1,172.26.128.158,52373,58.251.139.182,443,0,,,
3F3C7D0353553188008BC0025AA3F62E,41050,16432,3gnet,356960,116.79.243.148,220.206.184.201,2015-08-07 00:18:42.153042,2015-08-07 00:18:42.156131,0,66,338,1,172.26.229.34,61863,210.21.196.6,53,0,mmbiz.qpic.tc.qq.com,,
C1FF0C8F8B0EC917DB68C070286BFECC,41010,50222,3gnet,358562,220.206.165.20,220.206.184.194,2015-08-07 00:18:42.411306,2015-08-07 00:18:44.832099,2,988,3164,1,172.28.249.62,60172,17.172.239.156,5223,0,,,
6D088795A31539940A439E7155610458,41208,20021,3gnet,359540,220.206.128.151,220.206.184.194,2015-08-07 00:18:31.129128,2015-08-07 00:18:42.719526,11,828,482,1,172.26.128.158,56289,121.12.118.203,2090,200,http://sp.3kphone.com:2090/usc.jsp,Dalvik/1.6.0 (Linux; U; Android 4.1.2; GT-I9082i Build/JZO54K),application/x-www-form-urlencoded
3F3C7D0353553188008BC0025AA3F62E,41050,16432,3gnet,356960,116.79.243.148,220.206.184.201,2015-08-07 00:18:42.366390,2015-08-07 00:18:43.486094,1,661,8021,1,172.26.229.34,56203,112.90.77.187,80,200,http://wx.qlogo.cn/mmhead/ver_1/ULmJ3s3l0pM5NHIAZ6vnzBVTBO6lOm7iacZcXaw4eHnIiauSnmtmphhqPRDbUP06Yf8nxb01VmNg4wFoMnPqOOKDticNoNqGZicJSSTCouDV9XI/132,Mozilla/4.0,image/jpeg
3F3C7D0353553188008BC0025AA3F62E,41050,16432,3gnet,356960,116.79.243.148,220.206.184.201,2015-08-07 00:18:42.985879,2015-08-07 00:18:43.495840,0,946,5152,1,172.26.229.34,56205,140.206.160.213,80,200,http://short.weixin.qq.com/cgi-bin/micromsg-bin/mmsnstimeline,MicroMessenger Client,application/octet-stream
6D088795A31539940A439E7155610458,41208,20021,3gnet,359540,220.206.128.151,220.206.184.194,2015-08-07 00:12:07.416903,2015-08-07 00:12:44.641739,0,973,2377,1,172.26.128.158,64741,221.5.88.88,53,0,pmir.3g.qq.com,,
6D088795A31539940A439E7155610458,41208,20021,3gnet,359540,220.206.128.151,220.206.184.194,2015-08-07 00:12:07.416929,2015-08-07 00:12:07.576762,0,100,52,1,172.26.128.158,47365,140.207.54.116,80,0,,,
6D088795A31539940A439E7155610458,41208,20021,3gnet,359540,220.206.128.151,220.206.184.194,2015-08-07 00:12:01.306585,2015-08-07 00:12:07.626763,6,829,4315,1,172.26.128.158,40130,140.207.135.32,80,200,http://short.weixin.qq.com/cgi-bin/micromsg-bin/downloadpackage,MicroMessenger Client,application/octet-stream
6D088795A31539940A439E7155610458,41208,20021,3gnet,359540,220.206.128.151,220.206.184.194,2015-08-07 00:12:07.516806,2015-08-07 00:12:17.647071,13,4738,1618,1,172.26.128.158,51133,163.177.67.190,80,200,http://pmir.3g.qq.com/,Dalvik/1.6.0 (Linux; U; Android 4.1.2; GT-I9082i Build/JZO54K),application/octet-stream
6D088795A31539940A439E7155610458,41208,20021,3gnet,359540,220.206.128.151,220.206.184.194,2015-08-07 00:12:07.516841,2015-08-07 00:12:08.055572,0,1487,840,1,172.26.128.158,32808,203.130.42.87,80,0,http://alipay.apilocate.amap.com/mobile/binary,AMAP Location SDK Android 1.3.1,application/octet-stream
BC49B80594E92CF4027ED6528D46513A,41044,21131,3gnet,358851,220.206.165.132,220.206.184.202,2015-08-07 00:12:09.753559,2015-08-07 00:12:10.216392,0,123,58,1,172.27.60.215,36936,123.125.106.168,4839,0,,,
6D088795A31539940A439E7155610458,41208,20021,3gnet,359540,220.206.128.151,220.206.184.194,2015-08-07 00:12:08.086334,2015-08-07 00:12:11.856530,3,1390,497,1,172.26.128.158,45609,111.206.66.26,80,200,http://api.appjiagu.com:80/appjiagu,,application/x-www-form-urlencoded
3F3C7D0353553188008BC0025AA3F62E,41050,16432,3gnet,356960,116.79.243.148,220.206.184.201,2015-08-07 00:12:14.029286,2015-08-07 00:12:14.727463,0,3059,81865,1,172.26.229.34,56177,220.249.244.240,443,0,,,
6D088795A31539940A439E7155610458,41208,20021,3gnet,359540,220.206.128.151,220.206.184.194,2015-08-07 00:12:14.929852,2015-08-07 00:12:22.937532,8,330,115,1,172.26.128.158,37034,111.206.200.2,5222,0,,,
6D088795A31539940A439E7155610458,41208,20021,3gnet,359540,220.206.128.151,220.206.184.194,2015-08-07 00:12:15.036579,2015-08-07 00:12:15.257003,0,227,237,1,172.26.128.158,49593,140.207.123.162,443,0,,,
6D088795A31539940A439E7155610458,41208,20021,3gnet,359540,220.206.128.151,220.206.184.194,2015-08-07 00:12:14.287151,2015-08-07 00:12:23.756831,10,1388,2233,1,172.26.128.158,59144,124.95.161.73,80,200,http://124.95.161.73/,,application/octet-stream
6D088795A31539940A439E7155610458,41208,20021,3gnet,359540,220.206.128.151,220.206.184.194,2015-08-07 00:12:14.287203,2015-08-07 00:12:15.487077,1,506,335,1,172.26.128.158,35246,61.55.189.182,80,200,http://61.55.189.182/,,application/octet-stream
6D088795A31539940A439E7155610458,41208,20021,3gnet,359540,220.206.128.151,220.206.184.194,2015-08-07 00:12:15.837122,2015-08-07 00:12:15.941386,0,54,40,1,172.26.128.158,39327,113.31.17.125,3001,0,,,
72DDA4D295311C66CD5262D52F0822DE,41049,11534,3gnet,864055,220.206.128.155,220.206.184.196,2015-08-07 00:12:15.892843,2015-08-07 00:12:16.886458,0,127,159,1,172.26.209.241,52108,210.21.196.6,53,0,ah2.zhangyue.com,,
72DDA4D295311C66CD5262D52F0822DE,41049,11534,3gnet,864055,220.206.128.155,220.206.184.196,2015-08-07 00:12:15.978022,2015-08-07 00:12:16.382048,0,673,1665,1,172.26.209.241,46625,59.151.100.17,80,200,http://ah2.zhangyue.com/zybook/u/p/order.php?Act=getOrderTmpInfo&bid=10053924&cp=75&rt=3&usr=i443032999&rgt=7&p1=140101000447817897&pc=10&p2=109186&p3=770003&p4=501603&p5=12&p6=IJIGABBDGGFEABBCEIDE&p7=IGEAFFACHEEBADI&p9=1&p12=&p16=R2010&p21=21505&p22=4.3&zysid=&zysign=,MAUI_WAP_Browser,text/html; charset=UTF-8
72DDA4D295311C66CD5262D52F0822DE,41049,11534,3gnet,864055,220.206.128.155,220.206.184.196,2015-08-07 00:12:16.396041,2015-08-07 00:12:17.052295,0,822,419,1,172.26.209.241,46626,59.151.100.17,80,302,http://ah2.zhangyue.com/r/enc_dl?downInfo=qpRAJiJFBoEEnT53Y4gDqwzH-uh_i8_6q5FrdKN1YBWARTQPLiXpiJZDkeiJ8vLSsKxiJImGLp02dTiatdd0_gkuYbo4zZ3SzEjQ_PJty2Jc1QqIrqOnxH0e2vO1oyUEH8dJZ7RMP-60HUaDdyAkcTgqgqFWJf3Wbtfriodlk3w&usr=i443032999&rgt=7&p1=140101000447817897&pc=10&p2=109186&p3=770003&p4=501603&p5=12&p6=IJIGABBDGGFEABBCEIDE&p7=IGEAFFACHEEBADI&p9=1&p12=&p16=R2010&p21=21505&p22=4.3&zysid=&zysign=&src=IS,MAUI_WAP_Browser,
6D088795A31539940A439E7155610458,41208,20021,3gnet,359540,220.206.128.151,220.206.184.194,2015-08-07 00:12:07.417279,2015-08-07 00:12:17.248048,9,893,889,1,172.26.128.158,55430,180.97.164.41,80,0,http://www.babytree.com/api/yunqi_mobile/get_widget_info?android_id=8b10c31bee1ee0f5&build_serial=4100fd9697eca000&local_ts=1438877699&source_channel=360yingyong&longitude=116.315234&latitude=40.061826&version=6.2.1&imei=359540050034059&birthday_ts=1414200943&secret=302679b6b60fa17a57b017220c0c0d75&client_type=android&app_id=pregnancy&mac=E4%3A40%3AE2%3A7E%3A2D%3A21&client_baby_status=3&client_ts=1438877698&bpreg_brithday=2014-10-25,,
72DDA4D295311C66CD5262D52F0822DE,41049,11534,3gnet,864055,220.206.128.155,220.206.184.196,2015-08-07 00:12:16.955995,2015-08-07 00:12:17.534138,0,613,6150,1,172.26.209.241,35025,59.151.100.14,80,206,http://book.ds.ireader.com//group1/M00/F8/E3/wKgHPVN10-KEJb1HAAAAAOBgtN8418130385.cap?v=1,MAUI_WAP_Browser,application/octet-stream
A1257A32F9D9B61BCBBF9DFA8EF32AAE,4322,57088,3gnet,358027,220.206.128.148,220.206.184.195,2015-08-07 00:12:17.931319,2015-08-07 00:12:17.934201,0,68,116,2,172.25.41.80,53310,210.21.196.6,53,0,time-ios.g.aaplimg.com,,
6D088795A31539940A439E7155610458,41208,20021,3gnet,359540,220.206.128.151,220.206.184.194,2015-08-07 00:12:07.566859,2015-08-07 00:12:18.807420,10,1860,1369,1,172.26.128.158,47740,163.177.67.189,80,200,http://monitor.uu.qq.com/analytics/upload,,
6D088795A31539940A439E7155610458,41208,20021,3gnet,359540,220.206.128.151,220.206.184.194,2015-08-07 00:12:18.301995,2015-08-07 00:12:23.396961,5,425,115,1,172.26.128.158,41249,111.206.200.2,5222,0,,,
BC49B80594E92CF4027ED6528D46513A,41044,21131,3gnet,358851,220.206.165.132,220.206.184.202,2015-08-07 00:12:18.600204,2015-08-07 00:12:21.768054,3,854,8950,1,172.27.60.215,34153,112.90.140.220,14000,0,,,
3F3C7D0353553188008BC0025AA3F62E,41050,16432,3gnet,356960,116.79.243.148,220.206.184.201,2015-08-07 00:12:19.721388,2015-08-07 00:12:38.369038,18,1732,3476,1,172.26.229.34,55602,17.110.226.147,5223,0,,,
ECD99107C059E7FEC2D4385923920312,41203,36431,3gnet,355848,220.206.128.40,220.206.184.195,2015-08-07 00:07:40.218651,2015-08-07 00:07:40.577820,0,820,470,1,172.29.79.254,48672,140.205.195.99,443,0,,,
AFE97E18A6DF4D9FE7C6FEAE229D328A,41073,25021,3GNET,359596,220.206.165.104,220.206.184.202,2015-08-07 00:07:41.172441,2015-08-07 00:07:41.314592,0,152,168,1,172.31.91.224,40878,123.126.104.237,3478,0,,,
6D088795A31539940A439E7155610458,41208,20021,3gnet,359540,220.206.128.151,220.206.184.194,2015-08-07 00:12:21.107287,2015-08-07 00:12:21.564487,0,1133,433,1,172.26.128.158,48361,58.251.149.117,80,0,http://cfg.imtt.qq.com/tbs?v=2&mk=b703b767b30858ff5aec4ad1aef78807b3d1a0a1edb26c11f1a38cd4d66868f86149beaa478d49fd28a627b60547440a1c84f522d6385ecf44ac2444b3074b6c953a51831d514e7da77c09d55f46e9f3b18f9f8527285f97bee357e2d250a20991e04dd939af5145b39e18b2d99ddc2a642d00362ad68503051b234d79316edf,Dalvik/1.6.0 (Linux; U; Android 4.1.2; GT-I9082i Build/JZO54K),application/x-www-form-urlencoded
AFE97E18A6DF4D9FE7C6FEAE229D328A,41073,25021,3GNET,359596,220.206.165.104,220.206.184.202,2015-08-07 00:07:40.979379,2015-08-07 00:07:42.184467,1,1566,1268,1,172.31.91.224,40465,42.156.153.24,80,0,,,
AFE97E18A6DF4D9FE7C6FEAE229D328A,41073,25021,3GNET,359596,220.206.165.104,220.206.184.202,2015-08-07 00:07:42.937553,2015-08-07 00:07:42.989281,0,144,56,1,172.31.91.224,55593,60.28.217.190,7788,0,,,
AFE97E18A6DF4D9FE7C6FEAE229D328A,41073,25021,3GNET,359596,220.206.165.104,220.206.184.202,2015-08-07 00:07:41.370058,2015-08-07 00:07:45.012634,3,455,266,1,172.31.91.224,51472,220.181.90.77,80,0,,,
4B9C94A29188D785329BBC241206B795,4318,42926,3gnet,359255,220.206.165.20,220.206.184.200,2015-08-07 00:12:26.651966,2015-08-07 00:12:26.651966,0,52,0,2,172.27.170.158,52721,124.160.175.165,443,0,,,
BC49B80594E92CF4027ED6528D46513A,41044,21131,3gnet,358851,220.206.165.132,220.206.184.202,2015-08-07 00:12:27.658349,2015-08-07 00:13:34.104716,0,371,988,1,172.27.60.215,63661,210.21.196.6,53,0,loc.map.baidu.com,,
4B9C94A29188D785329BBC241206B795,4318,42926,3gnet,359255,220.206.165.20,220.206.184.200,2015-08-07 00:12:28.492675,2015-08-07 00:12:29.595586,0,326,578,2,172.27.170.158,60536,210.21.196.6,53,0,ads.flurry.com,,
3F3C7D0353553188008BC0025AA3F62E,41050,16432,3gnet,356960,116.79.243.148,220.206.184.201,2015-08-07 00:12:35.502743,2015-08-07 00:12:36.212919,0,3476,84225,1,172.26.229.34,56179,220.249.244.240,443,0,,,
3F3C7D0353553188008BC0025AA3F62E,41050,16432,3gnet,356960,116.79.243.148,220.206.184.201,2015-08-06 23:59:23.660693,2015-08-07 00:12:36.528658,792,83316,21850,1,172.26.229.34,56118,140.206.160.212,8080,0,,,
3F3C7D0353553188008BC0025AA3F62E,41050,16432,3gnet,356960,116.79.243.148,220.206.184.201,2015-08-07 00:12:36.212935,2015-08-07 00:12:36.822944,0,3112,78541,1,172.26.229.34,56180,220.249.244.240,443,0,,,
D0DC8FB431BDC2D526F5441352E099BF,41072,53712,3gnet,359264,220.206.165.99,220.206.184.197,2015-08-06 23:51:02.169187,2015-08-07 00:07:57.000156,1014,376,364,1,172.21.36.189,4500,192.184.36.56,4500,0,,,
AFE97E18A6DF4D9FE7C6FEAE229D328A,41073,25021,3GNET,359596,220.206.165.104,220.206.184.202,2015-08-07 00:07:40.913550,2015-08-07 00:07:58.534426,17,844,288,1,172.31.91.224,46316,220.181.61.143,8080,0,,,
3F3C7D0353553188008BC0025AA3F62E,41050,16432,3gnet,356960,116.79.243.148,220.206.184.201,2015-08-07 00:12:38.482878,2015-08-07 00:12:39.293066,0,4828,122212,1,172.26.229.34,56181,220.249.244.240,443,0,,,
6D088795A31539940A439E7155610458,41208,20021,3gnet,359540,220.206.128.151,220.206.184.194,2015-08-07 00:12:43.530954,2015-08-07 00:12:43.664870,0,116,76,1,172.26.128.158,46109,121.52.243.134,8100,0,,,
3F3C7D0353553188008BC0025AA3F62E,41050,16432,3gnet,356960,116.79.243.148,220.206.184.201,2015-08-07 00:12:43.593051,2015-08-07 00:12:43.923143,0,882,1533,1,172.26.229.34,56182,163.177.89.181,80,200,http://szextshort.weixin.qq.com/cgi-bin/micromsg-bin/mmsnssync,MicroMessenger Client,application/octet-stream
3F3C7D0353553188008BC0025AA3F62E,41050,16432,3gnet,356960,116.79.243.148,220.206.184.201,2015-08-07 00:12:47.081886,2015-08-07 00:12:55.452817,8,336,738,1,172.26.229.34,55602,17.110.226.147,5223,0,,,
6D088795A31539940A439E7155610458,41208,20021,3gnet,359540,220.206.128.151,220.206.184.194,2015-08-07 00:12:17.627193,2015-08-07 00:12:48.035494,30,1528,8640,1,172.26.128.158,46310,163.177.171.148,80,200,http://pic04.babytreeimg.com/foto3/common_photo/original/2013/1012/16edacf456727126.png,Dalvik/1.6.0 (Linux; U; Android 4.1.2; GT-I9082i Build/JZO54K),image/png
6D088795A31539940A439E7155610458,41208,20021,3gnet,359540,220.206.128.151,220.206.184.194,2015-08-06 23:53:14.371478,2015-08-07 00:13:08.540108,1194,3505,4301,1,172.26.128.158,44465,42.120.214.61,443,0,,,
AFE97E18A6DF4D9FE7C6FEAE229D328A,41073,24431,3GNET,359596,220.206.165.18,220.206.184.202,2015-08-07 00:07:58.056747,2015-08-07 00:08:10.782463,12,1237,2530,1,172.31.91.224,39114,54.255.253.214,5223,0,,,
3F3C7D0353553188008BC0025AA3F62E,41050,16432,3gnet,356960,116.79.243.148,220.206.184.201,2015-08-07 00:12:55.608062,2015-08-07 00:12:56.276142,0,3372,80501,1,172.26.229.34,56183,220.249.244.240,443,0,,,
F395F6D965AD80337D8EF7ACC4F76EF3,4311,62835,3GNET,013467,220.206.165.34,220.206.184.196,2015-08-07 00:12:57.707677,2015-08-07 00:13:12.628231,14,23088,0,2,172.28.143.8,38395,116.24.251.51,32393,0,,,
4B9C94A29188D785329BBC241206B795,4318,42926,3gnet,359255,220.206.165.20,220.206.184.200,2015-08-07 00:12:58.154106,2015-08-07 00:12:58.154106,0,40,0,2,172.27.170.158,52720,140.207.123.162,8080,0,,,
3F3C7D0353553188008BC0025AA3F62E,41050,16432,3gnet,356960,116.79.243.148,220.206.184.201,2015-08-07 00:13:04.514336,2015-08-07 00:13:05.150323,0,3164,82441,1,172.26.229.34,56184,220.249.244.240,443,0,,,
3F3C7D0353553188008BC0025AA3F62E,41050,16432,3gnet,356960,116.79.243.148,220.206.184.201,2015-08-07 00:13:05.200278,2015-08-07 00:13:05.780311,0,3372,86101,1,172.26.229.34,56185,220.249.244.240,443,0,,,
F395F6D965AD80337D8EF7ACC4F76EF3,4311,62835,3GNET,013467,220.206.165.34,220.206.184.196,2015-08-07 00:13:08.288534,2015-08-07 00:13:08.452110,0,128,120,2,172.28.143.8,59168,58.251.61.174,80,0,,,
F395F6D965AD80337D8EF7ACC4F76EF3,4311,62835,3GNET,013467,220.206.165.34,220.206.184.196,2015-08-07 00:13:08.288534,2015-08-07 00:13:11.911386,3,128,180,2,172.28.143.8,59169,58.251.61.175,80,0,,,
F395F6D965AD80337D8EF7ACC4F76EF3,4311,62835,3GNET,013467,220.206.165.34,220.206.184.196,2015-08-07 00:12:59.678766,2015-08-07 00:13:08.293058,8,52,1077,2,172.28.143.8,59118,58.251.61.174,80,0,,,
6D088795A31539940A439E7155610458,41208,20021,3gnet,359540,220.206.128.151,220.206.184.194,2015-08-07 00:13:08.540146,2015-08-07 00:13:08.540146,0,153,0,1,172.26.128.158,48499,42.156.156.129,5000,0,,,
6D088795A31539940A439E7155610458,41208,20021,3gnet,359540,220.206.128.151,220.206.184.194,2015-08-07 00:12:44.636058,2015-08-07 00:13:09.236205,24,6179,0,1,172.26.128.158,36176,140.205.160.94,80,0,,,
F395F6D965AD80337D8EF7ACC4F76EF3,4311,62835,3GNET,013467,220.206.165.34,220.206.184.196,2015-08-07 00:13:10.187651,2015-08-07 00:13:14.015599,3,256,300,2,172.28.143.8,59179,163.177.89.181,80,0,,,
F395F6D965AD80337D8EF7ACC4F76EF3,4311,62835,3GNET,013467,220.206.165.34,220.206.184.196,2015-08-07 00:13:10.187651,2015-08-07 00:13:20.001980,9,256,360,2,172.28.143.8,59178,163.177.89.181,80,0,,,
F395F6D965AD80337D8EF7ACC4F76EF3,4311,62835,3GNET,013467,220.206.165.34,220.206.184.196,2015-08-07 00:13:10.187714,2015-08-07 00:13:13.734877,3,320,360,2,172.28.143.8,59182,14.17.52.137,80,0,,,
F395F6D965AD80337D8EF7ACC4F76EF3,4311,62835,3GNET,013467,220.206.165.34,220.206.184.196,2015-08-07 00:13:10.188495,2015-08-07 00:13:12.653739,2,256,240,2,172.28.143.8,59181,112.90.74.148,443,0,,,
F395F6D965AD80337D8EF7ACC4F76EF3,4311,62835,3GNET,013467,220.206.165.34,220.206.184.196,2015-08-07 00:13:10.188495,2015-08-07 00:13:10.192404,0,64,60,2,172.28.143.8,59175,163.177.89.180,8080,0,,,
F395F6D965AD80337D8EF7ACC4F76EF3,4311,62835,3GNET,013467,220.206.165.34,220.206.184.196,2015-08-07 00:13:10.188495,2015-08-07 00:13:14.149819,3,112,156,2,172.28.143.8,59176,163.177.90.49,14000,0,,,
F395F6D965AD80337D8EF7ACC4F76EF3,4311,62835,3GNET,013467,220.206.165.34,220.206.184.196,2015-08-07 00:13:10.187651,2015-08-07 00:13:14.534714,4,256,300,2,172.28.143.8,59180,163.177.89.181,80,0,,,
F395F6D965AD80337D8EF7ACC4F76EF3,4311,62835,3GNET,013467,220.206.165.34,220.206.184.196,2015-08-07 00:13:10.188495,2015-08-07 00:13:14.460259,4,128,180,2,172.28.143.8,59177,112.90.74.149,80,0,,,
F395F6D965AD80337D8EF7ACC4F76EF3,4311,62835,3GNET,013467,220.206.165.34,220.206.184.196,2015-08-07 00:13:10.568517,2015-08-07 00:13:12.512613,1,256,240,2,172.28.143.8,59183,112.90.74.148,8080,0,,,
F395F6D965AD80337D8EF7ACC4F76EF3,4311,62835,3GNET,013467,220.206.165.34,220.206.184.196,2015-08-07 00:13:10.572539,2015-08-07 00:13:14.733364,4,192,240,2,172.28.143.8,59184,112.90.74.149,80,0,,,
F395F6D965AD80337D8EF7ACC4F76EF3,4311,62835,3GNET,013467,220.206.165.34,220.206.184.196,2015-08-07 00:13:10.572539,2015-08-07 00:13:14.392140,3,192,240,2,172.28.143.8,59185,112.90.74.149,80,0,,,
F395F6D965AD80337D8EF7ACC4F76EF3,4311,62835,3GNET,013467,220.206.165.34,220.206.184.196,2015-08-07 00:13:10.572539,2015-08-07 00:13:14.051080,3,192,240,2,172.28.143.8,59186,112.90.74.149,80,0,,,
6D088795A31539940A439E7155610458,41208,20021,3gnet,359540,220.206.128.151,220.206.184.194,2015-08-07 00:13:11.696205,2015-08-07 00:13:11.806223,0,132,122,1,172.26.128.158,49593,140.207.123.162,443,0,,,
F395F6D965AD80337D8EF7ACC4F76EF3,4311,62835,3GNET,013467,220.206.165.34,220.206.184.196,2015-08-07 00:12:51.142594,2015-08-07 00:13:12.168129,21,52,906,2,172.28.143.8,59120,17.143.163.20,5223,0,,,
6D088795A31539940A439E7155610458,41208,20021,3gnet,359540,220.206.128.151,220.206.184.194,2015-08-07 00:12:44.725440,2015-08-07 00:13:13.786179,29,1177,396,1,172.26.128.158,45346,140.205.163.83,80,200,http://adash.m.taobao.com/rest/sur?ak=23094978&av=7.3.6.2028&c=C5620&v=3.0&s=d034f7cd9327918752d8ea1479284db5&d=POWAQRPESJMLSXAIWCJVOUPR&sv=4.3.5&p=a&t=1438877747333&u=&is=0,Dalvik/1.6.0 (Linux; U; Android 4.1.2; GT-I9082i Build/JZO54K),multipart/form-data; boundary=GJircTeP
F395F6D965AD80337D8EF7ACC4F76EF3,4311,62835,3GNET,013467,220.206.165.34,220.206.184.196,2015-08-07 00:13:08.267802,2015-08-07 00:13:17.969571,9,120,304,2,172.28.143.8,59127,163.177.90.49,14000,0,,,
AFE97E18A6DF4D9FE7C6FEAE229D328A,41073,24431,3GNET,359596,220.206.165.18,220.206.184.202,2015-08-07 00:08:38.709418,2015-08-07 00:08:38.985548,0,516,1018,1,172.31.91.224,49001,42.62.48.186,80,200,http://resolver.gslb.mi-idc.com/gslb/gslb/getbucket.asp?ver=3.0&type=wap&uuid=0&list=f3.mi-stat.gslb.mi-idc.com%2Capp.chat.xiaomi.net%2Cresolver.gslb.mi-idc.com,Dalvik/2.1.0 (Linux; U; Android 5.0.2; SM-G9250 Build/LRX22G),application/json; charset=utf-8
D0DC8FB431BDC2D526F5441352E099BF,41072,53712,3gnet,359264,220.206.165.99,220.206.184.197,2015-08-07 00:13:19.036281,2015-08-07 00:13:30.766890,11,388,916,1,172.21.36.189,55784,17.143.161.20,5223,0,,,
AFE97E18A6DF4D9FE7C6FEAE229D328A,41073,24431,3GNET,359596,220.206.165.18,220.206.184.202,2015-08-07 00:08:38.789457,2015-08-07 00:08:39.047548,0,516,1018,1,172.31.91.224,48823,42.62.48.186,80,200,http://resolver.gslb.mi-idc.com/gslb/gslb/getbucket.asp?ver=3.0&type=wap&uuid=0&list=f3.mi-stat.gslb.mi-idc.com%2Capp.chat.xiaomi.net%2Cresolver.gslb.mi-idc.com,Dalvik/2.1.0 (Linux; U; Android 5.0.2; SM-G9250 Build/LRX22G),application/json; charset=utf-8
AFE97E18A6DF4D9FE7C6FEAE229D328A,41073,25021,3GNET,359596,220.206.165.104,220.206.184.202,2015-08-07 00:07:48.631675,2015-08-07 00:08:39.094231,50,2526,3404,1,172.31.91.224,39803,58.251.61.174,80,0,,,
E4235685AF1DDD8870BDE2E5F195B636,41016,45421,3GNET,013140,116.79.243.37,220.206.184.196,2015-08-06 23:57:01.813338,2015-08-07 00:13:41.879206,1000,1489112,13831768,1,172.29.45.238,4500,104.236.140.71,4500,0,,,
3F3C7D0353553188008BC0025AA3F62E,41050,16432,3gnet,356960,116.79.243.148,220.206.184.201,2015-08-07 00:13:21.207842,2015-08-07 00:13:21.987873,0,3424,80613,1,172.26.229.34,56186,220.249.244.240,443,0,,,
AFE97E18A6DF4D9FE7C6FEAE229D328A,41073,24431,3GNET,359596,220.206.165.18,220.206.184.202,2015-08-07 00:08:42.963715,2015-08-07 00:08:43.007018,0,144,56,1,172.31.91.224,45046,60.28.217.190,7788,0,,,
6D088795A31539940A439E7155610458,41208,20021,3gnet,359540,220.206.128.151,220.206.184.194,2015-08-07 00:12:23.327322,2015-08-07 00:13:25.893696,62,985,731,1,172.26.128.158,53139,140.205.162.6,80,200,http://utop.umengcloud.com/rest/api3.do?deviceId=AkoQ5GV80-wYH8AvXX8kIrhI-49uiJCjhh_qW01NGcat&t=1438877725&imei=ucweb&appKey=21711551&v=1.0&sign=659326f3edcc8f6001cfb104a7cfd284&data=%7B%22messageId%22%3A%22f__-sP0KM6I7Nqfw%7C2640290%7CAkoQ5GV80-wYH8AvXX8kIrhI-49uiJCjhh_qW01NGcat%22%2C%22mesgStatus%22%3A%229%22%7D&api=mtop.push.msg.report&imsi=ucweb,,application/json;charset=UTF-8
AFE97E18A6DF4D9FE7C6FEAE229D328A,41073,24431,3GNET,359596,220.206.165.18,220.206.184.202,2015-08-07 00:08:55.048797,2015-08-07 00:08:55.468998,0,413,185,1,172.31.91.224,41166,61.135.185.18,5287,0,,,
6D088795A31539940A439E7155610458,41208,20021,3gnet,359540,220.206.128.151,220.206.184.194,2015-08-07 00:13:36.233875,2015-08-07 00:13:36.233875,0,877,0,1,172.26.128.158,36176,140.205.160.94,80,0,,,
E4235685AF1DDD8870BDE2E5F195B636,41016,45421,3GNET,013140,116.79.243.37,220.206.184.196,2015-08-07 00:13:51.989194,2015-08-07 00:13:52.033148,0,224,0,1,172.29.45.238,0,104.236.140.71,0,0,,,
3A940AA2FA97FDC60E331082F38F511E,41027,19111,3gnet,860111,220.206.165.24,220.206.184.196,2015-08-07 00:24:00.100490,2015-08-07 00:24:00.100490,0,995,0,1,172.26.167.44,34482,140.205.163.83,80,0,,,
1D37CBD2917C230F565CD9B130FD5D37,41004,47921,3gnet,357784,220.206.165.137,220.206.184.197,2015-08-07 00:24:05.288666,2015-08-07 00:25:15.370390,0,1162,2244,1,172.28.244.57,31459,210.21.196.6,53,0,api.weather.rj.91.com,,
1D37CBD2917C230F565CD9B130FD5D37,41004,47921,3gnet,357784,220.206.165.137,220.206.184.197,2015-08-07 00:23:02.302371,2015-08-07 00:24:05.360273,63,893,667,1,172.28.244.57,34949,112.95.243.242,80,200,http://112.95.243.242/cgi-bin/httpconn?mType=Other,Dalvik/2.1.0 (Linux; U; Android 5.0; SM-N9006 Build/LRX21V),application/x-www-form-urlencoded
1D37CBD2917C230F565CD9B130FD5D37,41004,47921,3gnet,357784,220.206.165.137,220.206.184.197,2015-08-07 00:24:05.288504,2015-08-07 00:24:05.659922,0,1567,525,1,172.28.244.57,59434,163.177.67.189,80,200,http://eventlog.beacon.qq.com/analytics/upload?rid=4c1b44440fc12c96,,
1D37CBD2917C230F565CD9B130FD5D37,41004,47921,3gnet,357784,220.206.165.137,220.206.184.197,2015-08-07 00:24:05.379618,2015-08-07 00:24:05.787900,0,705,631,1,172.28.244.57,46683,123.125.105.246,80,200,http://api.weibo.cn/2/notification/push_setting?c=android&i=0133383&s=6c0976b5&ua=samsung-SM-N9006__weibo__5.3.0__android__android5.0&wm=2468_1001&uid=3903095471&v_f=2&from=1053095010&gsid=_2A254xOqpDeTxGeVH61ER-SvIzD2IHXVZ0HlhrDV6PENPuNUMeRKVlEcdhRBy0YpUULylvxKMwBfTIBAR&imei=357784057894238&lang=zh_CN&skin=default&device_id=989b02bf206c87a25eb6e69f97be56579f0b9120&oldwm=9021_6074,SM-N9006_5.0_weibo_5.3.0_android,application/json;charset=UTF-8
1D37CBD2917C230F565CD9B130FD5D37,41004,47921,3gnet,357784,220.206.165.137,220.206.184.197,2015-08-07 00:24:05.288445,2015-08-07 00:24:05.889653,0,1348,1416,1,172.28.244.57,59527,112.80.255.36,80,200,http://m.baidu.com/xcloudboss?r=config/distribute&pkgname=com.nd.android.pandahome2&ver=6598&pu=cuid%406EE2DC0A603276EAB32C1403F4904690%257C832498750487753%2Cosname%40xcloud%2Ccua%401080_1920_android_6.6_480%2Ccut%40SM-N9006_5.0_21_samsung%2Ccsrc%40app_moblie_txt%2Cctv%401%2C,Apache-HttpClient/UNAVAILABLE (java 1.4),application/x-www-form-urlencoded
1D37CBD2917C230F565CD9B130FD5D37,41004,47921,3gnet,357784,220.206.165.137,220.206.184.197,2015-08-07 00:24:06.159484,2015-08-07 00:24:06.354610,0,793,642,1,172.28.244.57,38166,112.90.74.149,80,200,http://szshort.weixin.qq.com/cgi-bin/micromsg-bin/newsync,MicroMessenger Client,application/octet-stream
1D37CBD2917C230F565CD9B130FD5D37,41004,47921,3gnet,357784,220.206.165.137,220.206.184.197,2015-08-07 00:24:06.639786,2015-08-07 00:24:06.963968,0,625,579,1,172.28.244.57,46681,110.76.19.118,80,0,http://mdap.alipay.com:80/loggw/log.do,alipay,text/xml
1D37CBD2917C230F565CD9B130FD5D37,41004,47921,3gnet,357784,220.206.165.137,220.206.184.197,2015-08-07 00:24:07.589668,2015-08-07 00:24:07.589668,0,60,0,1,172.28.244.57,52812,172.16.0.3,7,0,,,
8C9378103561FB7744656CF80257957F,1152,26412,CMNET,358815,220.206.165.12,220.206.184.194,2015-08-07 00:24:08.738700,2015-08-07 00:24:24.959303,16,243,0,2,172.29.8.180,1024,61.50.218.149,1601,0,,,
AFE97E18A6DF4D9FE7C6FEAE229D328A,41073,24431,3GNET,359596,220.206.165.18,220.206.184.202,2015-08-07 00:24:18.265766,2015-08-07 00:25:42.430423,0,504,1375,1,172.31.91.224,22849,210.21.196.6,53,0,hmma.baidu.com,,
AFE97E18A6DF4D9FE7C6FEAE229D328A,41073,24431,3GNET,359596,220.206.165.18,220.206.184.202,2015-08-07 00:24:18.377776,2015-08-07 00:24:18.815059,0,944,357,1,172.31.91.224,54080,202.108.23.85,80,0,http://hmma.baidu.com/app.gif,Dalvik/2.1.0 (Linux; U; Android 5.0.2; SM-G9250 Build/LRX22G),gzip
3A940AA2FA97FDC60E331082F38F511E,41027,19111,3gnet,860111,220.206.165.24,220.206.184.196,2015-08-07 00:22:15.445260,2015-08-07 00:24:19.210050,123,2129,11643,1,172.26.167.44,41678,191.234.23.27,443,0,,,
4B9C94A29188D785329BBC241206B795,4318,42926,3gnet,359255,220.206.165.20,220.206.184.200,2015-08-07 00:24:30.356059,2015-08-07 00:24:30.455275,0,112,0,2,172.27.170.158,0,210.21.196.6,0,0,,,
4B9C94A29188D785329BBC241206B795,4318,42926,3gnet,359255,220.206.165.20,220.206.184.200,2015-08-07 00:24:26.136113,2015-08-07 00:24:27.599142,1,216,392,2,172.27.170.158,57684,210.21.196.6,53,0,apple-mobile.query.yahooapis.com,,
6D088795A31539940A439E7155610458,41208,47821,3gnet,359540,220.206.165.30,220.206.184.194,2015-08-06 17:07:17.376128,2015-08-07 00:24:49.989925,26252,1456,1261,1,172.26.128.158,48631,140.205.203.88,80,0,,,
8C9378103561FB7744656CF80257957F,1152,26412,CMNET,358815,220.206.165.12,220.206.184.194,2015-08-07 00:24:31.959711,2015-08-07 00:24:48.776748,16,324,0,2,172.29.8.180,1024,61.50.218.149,1601,0,,,
